01:34:53  INFO   ================================================================
01:34:53  INFO   Learnability-driven morphology evolution
01:34:53  INFO     population=24  generations=25  metric=auc  eval_seeds=3
01:34:53  INFO     inner: algo=ppo  lifetime_steps=200000  eval_every=5000  horizon=2500
01:34:53  INFO     workers=8  seed=0  out=experiments/run9
01:34:53  INFO   ================================================================
01:34:53  INFO   gen 0: evaluating 24/24 individuals (8 workers)
01:42:12  DEBUG    id=0    fitness=   -3.028 limbs= 2 depth=2 metrics={'auc': -3.0281941875627294, 'final': -3.002814688580641, 'steps_to_threshold': 200000.0, 'reached_threshold': 0.0}
01:42:12  DEBUG    id=1    fitness=   -2.929 limbs= 8 depth=5 metrics={'auc': -2.929388467880044, 'final': -2.9131496522536455, 'steps_to_threshold': 200000.0, 'reached_threshold': 0.0}
01:42:12  DEBUG    id=2    fitness=   -1.743 limbs=11 depth=3 metrics={'auc': -1.7434207722829653, 'final': -1.6994367409973055, 'steps_to_threshold': 200000.0, 'reached_threshold': 0.0}
01:42:12  DEBUG    id=3    fitness=   -4.115 limbs= 9 depth=5 metrics={'auc': -4.1151791892558185, 'final': -4.091072675810856, 'steps_to_threshold': 200000.0, 'reached_threshold': 0.0}
01:42:12  DEBUG    id=4    fitness=   -2.813 limbs= 7 depth=5 metrics={'auc': -2.8130467414456937, 'final': -2.798841841646782, 'steps_to_threshold': 200000.0, 'reached_threshold': 0.0}
01:42:12  DEBUG    id=5    fitness=   -3.192 limbs= 2 depth=2 metrics={'auc': -3.191620193489285, 'final': -3.1914248187576644, 'steps_to_threshold': 200000.0, 'reached_threshold': 0.0}
01:42:12  DEBUG    id=6    fitness=   -3.099 limbs= 9 depth=4 metrics={'auc': -3.099172813281579, 'final': -3.086148000095479, 'steps_to_threshold': 200000.0, 'reached_threshold': 0.0}
01:42:12  DEBUG    id=7    fitness=   -3.102 limbs= 5 depth=3 metrics={'auc': -3.1020507859882627, 'final': -3.0989549300832056, 'steps_to_threshold': 200000.0, 'reached_threshold': 0.0}
01:42:12  DEBUG    id=8    fitness=   -3.181 limbs= 6 depth=3 metrics={'auc': -3.1809428678906646, 'final': -3.1768987731952407, 'steps_to_threshold': 200000.0, 'reached_threshold': 0.0}
01:42:12  DEBUG    id=9    fitness=   -0.123 limbs=11 depth=4 metrics={'auc': -0.12321504028445589, 'final': 0.009304451773809575, 'steps_to_threshold': 113333.33333333333, 'reached_threshold': 0.6666666666666666}
01:42:12  DEBUG    id=10   fitness=   -3.212 limbs= 4 depth=3 metrics={'auc': -3.212011619021013, 'final': -3.176391766254484, 'steps_to_threshold': 200000.0, 'reached_threshold': 0.0}
01:42:12  DEBUG    id=11   fitness=   -1.107 limbs=10 depth=4 metrics={'auc': -1.106615753516128, 'final': -1.0863270374585012, 'steps_to_threshold': 200000.0, 'reached_threshold': 0.0}
01:42:12  DEBUG    id=12   fitness=   -2.852 limbs= 6 depth=4 metrics={'auc': -2.8517352701071057, 'final': -2.850266089843434, 'steps_to_threshold': 200000.0, 'reached_threshold': 0.0}
01:42:12  DEBUG    id=13   fitness=   -2.271 limbs=10 depth=4 metrics={'auc': -2.271353680386139, 'final': -2.1966316356084192, 'steps_to_threshold': 200000.0, 'reached_threshold': 0.0}
01:42:12  DEBUG    id=14   fitness=   -3.409 limbs= 6 depth=3 metrics={'auc': -3.408810602528908, 'final': -3.4078259147879923, 'steps_to_threshold': 200000.0, 'reached_threshold': 0.0}
01:42:12  DEBUG    id=15   fitness=    0.322 limbs= 9 depth=4 metrics={'auc': 0.32205115438087734, 'final': 0.4053669566472618, 'steps_to_threshold': 11666.666666666666, 'reached_threshold': 1.0}
01:42:12  DEBUG    id=16   fitness=   -3.655 limbs= 7 depth=3 metrics={'auc': -3.6546702731894314, 'final': -3.6393069697993052, 'steps_to_threshold': 200000.0, 'reached_threshold': 0.0}
01:42:12  DEBUG    id=17   fitness=   -3.483 limbs= 2 depth=2 metrics={'auc': -3.48263220524305, 'final': -3.4837887196039397, 'steps_to_threshold': 200000.0, 'reached_threshold': 0.0}
01:42:12  DEBUG    id=18   fitness=   -2.667 limbs= 4 depth=3 metrics={'auc': -2.6670570860058276, 'final': -2.6521581570332966, 'steps_to_threshold': 200000.0, 'reached_threshold': 0.0}
01:42:12  DEBUG    id=19   fitness=   -3.308 limbs= 3 depth=2 metrics={'auc': -3.3079489226266294, 'final': -3.307908166745173, 'steps_to_threshold': 200000.0, 'reached_threshold': 0.0}
01:42:12  DEBUG    id=20   fitness=   -0.360 limbs= 9 depth=5 metrics={'auc': -0.3597140404545691, 'final': -0.27035960148600585, 'steps_to_threshold': 200000.0, 'reached_threshold': 0.0}
01:42:12  DEBUG    id=21   fitness=   -2.708 limbs= 9 depth=4 metrics={'auc': -2.707676517821288, 'final': -2.6897381171129138, 'steps_to_threshold': 200000.0, 'reached_threshold': 0.0}
01:42:12  DEBUG    id=22   fitness=   -3.425 limbs= 2 depth=2 metrics={'auc': -3.4249998524945027, 'final': -3.4253427557482197, 'steps_to_threshold': 200000.0, 'reached_threshold': 0.0}
01:42:12  DEBUG    id=23   fitness=   -1.342 limbs= 8 depth=5 metrics={'auc': -1.3415668733204738, 'final': -1.298502081043133, 'steps_to_threshold': 200000.0, 'reached_threshold': 0.0}
01:42:12  INFO   gen 0 done | best 0.322 (id=15, 9 limbs) | mean -2.533 | worst -4.115 | invalid 0 | 439.0s
01:42:12  INFO     ~7.3 min/gen, est. 175.6 min remaining
01:42:12  INFO   gen 1: evaluating 22/24 individuals (8 workers)
01:49:51  DEBUG    id=24   fitness=   -0.150 limbs= 9 depth=5 metrics={'auc': -0.14977392268226802, 'final': -0.05811577308218815, 'steps_to_threshold': 200000.0, 'reached_threshold': 0.0}
01:49:51  DEBUG    id=25   fitness=   -1.078 limbs=10 depth=4 metrics={'auc': -1.0780928504865839, 'final': -1.0620929750866444, 'steps_to_threshold': 200000.0, 'reached_threshold': 0.0}
01:49:51  DEBUG    id=26   fitness=   -2.898 limbs= 6 depth=4 metrics={'auc': -2.8984311913401655, 'final': -2.8901529048040726, 'steps_to_threshold': 200000.0, 'reached_threshold': 0.0}
01:49:51  DEBUG    id=27   fitness=   -0.469 limbs= 8 depth=4 metrics={'auc': -0.46863768385740584, 'final': -0.37406286324918225, 'steps_to_threshold': 200000.0, 'reached_threshold': 0.0}
01:49:51  DEBUG    id=28   fitness=   -1.745 limbs=11 depth=3 metrics={'auc': -1.7454202725973522, 'final': -1.7000639662327275, 'steps_to_threshold': 200000.0, 'reached_threshold': 0.0}
01:49:51  DEBUG    id=29   fitness=   -3.348 limbs= 6 depth=4 metrics={'auc': -3.3478223367392475, 'final': -3.3363998173789526, 'steps_to_threshold': 200000.0, 'reached_threshold': 0.0}
01:49:51  DEBUG    id=30   fitness=   -1.934 limbs=10 depth=4 metrics={'auc': -1.9341112608158237, 'final': -1.7978764652705728, 'steps_to_threshold': 200000.0, 'reached_threshold': 0.0}
01:49:51  DEBUG    id=31   fitness=   -0.676 limbs= 9 depth=5 metrics={'auc': -0.6760806085772026, 'final': -0.5859530756422637, 'steps_to_threshold': 200000.0, 'reached_threshold': 0.0}
01:49:51  DEBUG    id=32   fitness=   -1.355 limbs=12 depth=4 metrics={'auc': -1.3550294892621146, 'final': -1.3050274828120196, 'steps_to_threshold': 200000.0, 'reached_threshold': 0.0}
01:49:51  DEBUG    id=33   fitness=   -0.357 limbs= 9 depth=5 metrics={'auc': -0.35709915613994986, 'final': -0.2707943868136779, 'steps_to_threshold': 200000.0, 'reached_threshold': 0.0}
01:49:51  DEBUG    id=34   fitness=    0.300 limbs= 9 depth=4 metrics={'auc': 0.300288894625753, 'final': 0.3693210283224769, 'steps_to_threshold': 11666.666666666666, 'reached_threshold': 1.0}
01:49:51  DEBUG    id=35   fitness=   -0.118 limbs=11 depth=4 metrics={'auc': -0.11846540153728957, 'final': -0.006528354974029247, 'steps_to_threshold': 101666.66666666667, 'reached_threshold': 0.6666666666666666}
01:49:51  DEBUG    id=36   fitness=   -2.487 limbs= 4 depth=3 metrics={'auc': -2.4871244176491665, 'final': -2.4708843413919985, 'steps_to_threshold': 200000.0, 'reached_threshold': 0.0}
01:49:51  DEBUG    id=37   fitness=   -0.374 limbs=11 depth=4 metrics={'auc': -0.3740351229208927, 'final': -0.25551779367782856, 'steps_to_threshold': 200000.0, 'reached_threshold': 0.0}
01:49:51  DEBUG    id=38   fitness=     -inf limbs= 1 depth=1 metrics={'invalid': 'no_actuators'}
01:49:51  DEBUG    id=39   fitness=   -2.953 limbs= 8 depth=5 metrics={'auc': -2.953183344553352, 'final': -2.950070902895305, 'steps_to_threshold': 200000.0, 'reached_threshold': 0.0}
01:49:51  DEBUG    id=40   fitness=   -3.467 limbs= 2 depth=2 metrics={'auc': -3.4673849159554586, 'final': -3.4670432258821315, 'steps_to_threshold': 200000.0, 'reached_threshold': 0.0}
01:49:51  DEBUG    id=41   fitness=    1.474 limbs=12 depth=4 metrics={'auc': 1.4741128646471526, 'final': 1.6061579490855717, 'steps_to_threshold': 10000.0, 'reached_threshold': 1.0}
01:49:51  DEBUG    id=42   fitness=   -1.935 limbs=10 depth=3 metrics={'auc': -1.935422341605892, 'final': -1.8871593963940698, 'steps_to_threshold': 200000.0, 'reached_threshold': 0.0}
01:49:51  DEBUG    id=43   fitness=   -3.192 limbs= 2 depth=2 metrics={'auc': -3.1918185559253267, 'final': -3.191881287553354, 'steps_to_threshold': 200000.0, 'reached_threshold': 0.0}
01:49:51  DEBUG    id=44   fitness=    0.051 limbs= 9 depth=4 metrics={'auc': 0.05074715234784604, 'final': 0.11258764354847843, 'steps_to_threshold': 11666.666666666666, 'reached_threshold': 1.0}
01:49:51  DEBUG    id=45   fitness=   -1.330 limbs= 8 depth=5 metrics={'auc': -1.3302506685177589, 'final': -1.2898531989777713, 'steps_to_threshold': 200000.0, 'reached_threshold': 0.0}
01:49:51  INFO   gen 1 done | best 1.474 (id=41, 12 limbs) | mean -1.211 | worst -3.467 | invalid 1 | 459.3s
01:49:51  INFO     ~7.5 min/gen, est. 172.2 min remaining
01:49:51  INFO   gen 2: evaluating 22/24 individuals (8 workers)
01:58:37  DEBUG    id=46   fitness=   -0.009 limbs=10 depth=4 metrics={'auc': -0.009358568634204626, 'final': 0.06933282009114321, 'steps_to_threshold': 18333.333333333332, 'reached_threshold': 1.0}
01:58:37  DEBUG    id=47   fitness=    0.974 limbs=12 depth=4 metrics={'auc': 0.9743036508550853, 'final': 1.0807517645286822, 'steps_to_threshold': 13333.333333333334, 'reached_threshold': 1.0}
01:58:37  DEBUG    id=48   fitness=    0.294 limbs= 9 depth=4 metrics={'auc': 0.2938496455178108, 'final': 0.36566750507238394, 'steps_to_threshold': 13333.333333333334, 'reached_threshold': 1.0}
01:58:37  DEBUG    id=49   fitness=    1.762 limbs=12 depth=4 metrics={'auc': 1.7620911249876041, 'final': 1.8913984354442952, 'steps_to_threshold': 10000.0, 'reached_threshold': 1.0}
01:58:37  DEBUG    id=50   fitness=   -0.261 limbs= 9 depth=5 metrics={'auc': -0.26055461287839665, 'final': -0.16051977494277117, 'steps_to_threshold': 200000.0, 'reached_threshold': 0.0}
01:58:37  DEBUG    id=51   fitness=    1.481 limbs=12 depth=4 metrics={'auc': 1.4807327910448425, 'final': 1.6071496138040688, 'steps_to_threshold': 11666.666666666666, 'reached_threshold': 1.0}
01:58:37  DEBUG    id=52   fitness=   -2.488 limbs= 4 depth=3 metrics={'auc': -2.488418489376905, 'final': -2.475603756287528, 'steps_to_threshold': 200000.0, 'reached_threshold': 0.0}
01:58:37  DEBUG    id=53   fitness=    0.327 limbs= 9 depth=4 metrics={'auc': 0.3266921893738164, 'final': 0.40416618483026173, 'steps_to_threshold': 13333.333333333334, 'reached_threshold': 1.0}
01:58:37  DEBUG    id=54   fitness=   -0.132 limbs=11 depth=4 metrics={'auc': -0.13221022858354461, 'final': -0.006118882849608844, 'steps_to_threshold': 118333.33333333333, 'reached_threshold': 0.6666666666666666}
01:58:37  DEBUG    id=55   fitness=    0.445 limbs= 7 depth=4 metrics={'auc': 0.44453407527915484, 'final': 0.5139699171192303, 'steps_to_threshold': 11666.666666666666, 'reached_threshold': 1.0}
01:58:37  DEBUG    id=56   fitness=   -1.643 limbs= 9 depth=4 metrics={'auc': -1.6429313836602955, 'final': -1.5906815088742003, 'steps_to_threshold': 200000.0, 'reached_threshold': 0.0}
01:58:37  DEBUG    id=57   fitness=   -0.598 limbs=11 depth=4 metrics={'auc': -0.5984987651317959, 'final': -0.4798961299612443, 'steps_to_threshold': 200000.0, 'reached_threshold': 0.0}
01:58:37  DEBUG    id=58   fitness=   -0.215 limbs=10 depth=4 metrics={'auc': -0.21526801174627164, 'final': -0.1553858240751098, 'steps_to_threshold': 200000.0, 'reached_threshold': 0.0}
01:58:37  DEBUG    id=59   fitness=   -1.007 limbs=11 depth=4 metrics={'auc': -1.0066468542026863, 'final': -0.9325296611531256, 'steps_to_threshold': 200000.0, 'reached_threshold': 0.0}
01:58:37  DEBUG    id=60   fitness=    0.408 limbs= 9 depth=4 metrics={'auc': 0.4083527390590174, 'final': 0.49167569481913126, 'steps_to_threshold': 10000.0, 'reached_threshold': 1.0}
01:58:37  DEBUG    id=61   fitness=   -1.226 limbs=11 depth=3 metrics={'auc': -1.2257250576777083, 'final': -1.166761200473908, 'steps_to_threshold': 200000.0, 'reached_threshold': 0.0}
01:58:37  DEBUG    id=62   fitness=   -2.508 limbs= 4 depth=3 metrics={'auc': -2.5084505018514522, 'final': -2.4921450101444886, 'steps_to_threshold': 200000.0, 'reached_threshold': 0.0}
01:58:37  DEBUG    id=63   fitness=    0.335 limbs= 9 depth=4 metrics={'auc': 0.3353861002036124, 'final': 0.4096976029687361, 'steps_to_threshold': 11666.666666666666, 'reached_threshold': 1.0}
01:58:37  DEBUG    id=64   fitness=    0.132 limbs=12 depth=4 metrics={'auc': 0.1320314872576316, 'final': 0.21954394151614343, 'steps_to_threshold': 18333.333333333332, 'reached_threshold': 1.0}
01:58:37  DEBUG    id=65   fitness=   -0.149 limbs=11 depth=4 metrics={'auc': -0.14858811413534678, 'final': -0.021044747710272354, 'steps_to_threshold': 171666.66666666666, 'reached_threshold': 0.3333333333333333}
01:58:37  DEBUG    id=66   fitness=   -1.379 limbs= 8 depth=5 metrics={'auc': -1.3787338390321755, 'final': -1.3408900220574893, 'steps_to_threshold': 200000.0, 'reached_threshold': 0.0}
01:58:37  DEBUG    id=67   fitness=   -0.501 limbs= 8 depth=5 metrics={'auc': -0.5006187517545634, 'final': -0.4016635134910535, 'steps_to_threshold': 200000.0, 'reached_threshold': 0.0}
01:58:37  INFO   gen 2 done | best 1.762 (id=49, 12 limbs) | mean -0.173 | worst -2.508 | invalid 0 | 526.5s
01:58:37  INFO     ~7.9 min/gen, est. 174.1 min remaining
01:58:37  INFO   gen 3: evaluating 22/24 individuals (8 workers)
02:08:01  DEBUG    id=68   fitness=   -0.167 limbs=10 depth=4 metrics={'auc': -0.16699499263473994, 'final': -0.10609155408162745, 'steps_to_threshold': 200000.0, 'reached_threshold': 0.0}
02:08:01  DEBUG    id=69   fitness=   -2.856 limbs= 8 depth=4 metrics={'auc': -2.8559749149186655, 'final': -2.8039013493227856, 'steps_to_threshold': 200000.0, 'reached_threshold': 0.0}
02:08:01  DEBUG    id=70   fitness=    0.482 limbs=12 depth=4 metrics={'auc': 0.4823089154123172, 'final': 0.5807716124579713, 'steps_to_threshold': 13333.333333333334, 'reached_threshold': 1.0}
02:08:01  DEBUG    id=71   fitness=    0.589 limbs= 7 depth=4 metrics={'auc': 0.588751707203839, 'final': 0.6786192256745168, 'steps_to_threshold': 5000.0, 'reached_threshold': 1.0}
02:08:01  DEBUG    id=72   fitness=   -0.267 limbs= 9 depth=4 metrics={'auc': -0.26652865947576054, 'final': -0.21339818218275344, 'steps_to_threshold': 200000.0, 'reached_threshold': 0.0}
02:08:01  DEBUG    id=73   fitness=   -2.992 limbs= 7 depth=3 metrics={'auc': -2.9919236115944905, 'final': -2.9740028856205996, 'steps_to_threshold': 200000.0, 'reached_threshold': 0.0}
02:08:01  DEBUG    id=74   fitness=   -1.879 limbs= 6 depth=3 metrics={'auc': -1.8793586994774387, 'final': -1.8379878079148824, 'steps_to_threshold': 200000.0, 'reached_threshold': 0.0}
02:08:01  DEBUG    id=75   fitness=    1.545 limbs=12 depth=4 metrics={'auc': 1.545499260675646, 'final': 1.6655629641305973, 'steps_to_threshold': 10000.0, 'reached_threshold': 1.0}
02:08:01  DEBUG    id=76   fitness=   -0.220 limbs=10 depth=4 metrics={'auc': -0.22009703897162217, 'final': -0.16394045227902024, 'steps_to_threshold': 200000.0, 'reached_threshold': 0.0}
02:08:01  DEBUG    id=77   fitness=    0.442 limbs= 7 depth=4 metrics={'auc': 0.4421575723411866, 'final': 0.5106953909382813, 'steps_to_threshold': 11666.666666666666, 'reached_threshold': 1.0}
02:08:01  DEBUG    id=78   fitness=    1.851 limbs=12 depth=4 metrics={'auc': 1.8506418447041835, 'final': 1.9813444404938074, 'steps_to_threshold': 10000.0, 'reached_threshold': 1.0}
02:08:01  DEBUG    id=79   fitness=    0.292 limbs= 9 depth=4 metrics={'auc': 0.29195114334583977, 'final': 0.36961120661157004, 'steps_to_threshold': 11666.666666666666, 'reached_threshold': 1.0}
02:08:01  DEBUG    id=80   fitness=   -0.119 limbs= 9 depth=5 metrics={'auc': -0.11858460002502529, 'final': -0.0023340202351163075, 'steps_to_threshold': 28333.333333333332, 'reached_threshold': 1.0}
02:08:01  DEBUG    id=81   fitness=   -0.061 limbs= 9 depth=4 metrics={'auc': -0.060576169931019754, 'final': 0.006126020723561485, 'steps_to_threshold': 126666.66666666667, 'reached_threshold': 1.0}
02:08:01  DEBUG    id=82   fitness=    1.821 limbs=12 depth=4 metrics={'auc': 1.8205407989195468, 'final': 1.9412764877056479, 'steps_to_threshold': 10000.0, 'reached_threshold': 1.0}
02:08:01  DEBUG    id=83   fitness=    2.014 limbs=12 depth=4 metrics={'auc': 2.0143561611836516, 'final': 2.1529712511010985, 'steps_to_threshold': 11666.666666666666, 'reached_threshold': 1.0}
02:08:01  DEBUG    id=84   fitness=    1.856 limbs=11 depth=4 metrics={'auc': 1.8555485503226603, 'final': 1.9722107731611176, 'steps_to_threshold': 10000.0, 'reached_threshold': 1.0}
02:08:01  DEBUG    id=85   fitness=   -3.376 limbs= 6 depth=3 metrics={'auc': -3.376344784187211, 'final': -3.376154506928229, 'steps_to_threshold': 200000.0, 'reached_threshold': 0.0}
02:08:01  DEBUG    id=86   fitness=    0.016 limbs= 7 depth=4 metrics={'auc': 0.015773937582416755, 'final': 0.09357787975184173, 'steps_to_threshold': 46666.666666666664, 'reached_threshold': 1.0}
02:08:01  DEBUG    id=87   fitness=    0.175 limbs= 8 depth=4 metrics={'auc': 0.17543884463332574, 'final': 0.24321134718373308, 'steps_to_threshold': 11666.666666666666, 'reached_threshold': 1.0}
02:08:01  DEBUG    id=88   fitness=   -3.252 limbs= 4 depth=3 metrics={'auc': -3.251853722502371, 'final': -3.2375215033230513, 'steps_to_threshold': 200000.0, 'reached_threshold': 0.0}
02:08:01  DEBUG    id=89   fitness=    0.440 limbs= 8 depth=4 metrics={'auc': 0.4404665476629935, 'final': 0.5069232409192708, 'steps_to_threshold': 10000.0, 'reached_threshold': 1.0}
02:08:01  INFO   gen 3 done | best 2.014 (id=83, 12 limbs) | mean -0.061 | worst -3.376 | invalid 0 | 563.4s
02:08:01  INFO     ~8.3 min/gen, est. 174.0 min remaining
02:08:01  INFO   gen 4: evaluating 22/24 individuals (8 workers)
02:17:04  DEBUG    id=90   fitness=   -3.009 limbs= 4 depth=3 metrics={'auc': -3.0088262936156958, 'final': -3.013367429597688, 'steps_to_threshold': 200000.0, 'reached_threshold': 0.0}
02:17:04  DEBUG    id=91   fitness=   -0.202 limbs= 9 depth=4 metrics={'auc': -0.20229784908411427, 'final': -0.13122921270552146, 'steps_to_threshold': 200000.0, 'reached_threshold': 0.0}
02:17:04  DEBUG    id=92   fitness=   -0.761 limbs= 9 depth=4 metrics={'auc': -0.7611575899400086, 'final': -0.708543851448087, 'steps_to_threshold': 200000.0, 'reached_threshold': 0.0}
02:17:04  DEBUG    id=93   fitness=    1.773 limbs=12 depth=4 metrics={'auc': 1.772575098193539, 'final': 1.8889993133653353, 'steps_to_threshold': 10000.0, 'reached_threshold': 1.0}
02:17:04  DEBUG    id=94   fitness=    2.282 limbs=12 depth=4 metrics={'auc': 2.281631439959741, 'final': 2.4394750073054006, 'steps_to_threshold': 10000.0, 'reached_threshold': 1.0}
02:17:04  DEBUG    id=95   fitness=    0.739 limbs= 7 depth=4 metrics={'auc': 0.7389576103620364, 'final': 0.8231737823255262, 'steps_to_threshold': 10000.0, 'reached_threshold': 1.0}
02:17:04  DEBUG    id=96   fitness=    0.617 limbs= 7 depth=4 metrics={'auc': 0.6165619526971521, 'final': 0.6906891744642896, 'steps_to_threshold': 5000.0, 'reached_threshold': 1.0}
02:17:04  DEBUG    id=97   fitness=    0.309 limbs= 8 depth=4 metrics={'auc': 0.3089425805235501, 'final': 0.37141410353263193, 'steps_to_threshold': 8333.333333333334, 'reached_threshold': 1.0}
02:17:04  DEBUG    id=98   fitness=    1.991 limbs=12 depth=4 metrics={'auc': 1.9909066688011998, 'final': 2.1328049860213505, 'steps_to_threshold': 10000.0, 'reached_threshold': 1.0}
02:17:04  DEBUG    id=99   fitness=    1.829 limbs=11 depth=4 metrics={'auc': 1.8289326969439192, 'final': 1.9636976567939506, 'steps_to_threshold': 11666.666666666666, 'reached_threshold': 1.0}
02:17:04  DEBUG    id=100  fitness=    9.726 limbs= 7 depth=4 metrics={'auc': 9.725796377734255, 'final': 10.167627366120824, 'steps_to_threshold': 10000.0, 'reached_threshold': 1.0}
02:17:04  DEBUG    id=101  fitness=    1.280 limbs=11 depth=4 metrics={'auc': 1.280157596013033, 'final': 1.3952570312923234, 'steps_to_threshold': 11666.666666666666, 'reached_threshold': 1.0}
02:17:04  DEBUG    id=102  fitness=   -1.315 limbs= 7 depth=4 metrics={'auc': -1.3149261329262283, 'final': -1.2585628738474048, 'steps_to_threshold': 200000.0, 'reached_threshold': 0.0}
02:17:04  DEBUG    id=103  fitness=    2.300 limbs= 5 depth=4 metrics={'auc': 2.3001405699245385, 'final': 2.4109046012852, 'steps_to_threshold': 10000.0, 'reached_threshold': 1.0}
02:17:04  DEBUG    id=104  fitness=    1.436 limbs= 7 depth=4 metrics={'auc': 1.4355797761417743, 'final': 1.5306360859763954, 'steps_to_threshold': 8333.333333333334, 'reached_threshold': 1.0}
02:17:04  DEBUG    id=105  fitness=    1.933 limbs=11 depth=4 metrics={'auc': 1.9329102771265596, 'final': 2.0562185406933904, 'steps_to_threshold': 10000.0, 'reached_threshold': 1.0}
02:17:04  DEBUG    id=106  fitness=    1.492 limbs=12 depth=4 metrics={'auc': 1.4918809631179963, 'final': 1.6249996828750488, 'steps_to_threshold': 10000.0, 'reached_threshold': 1.0}
02:17:04  DEBUG    id=107  fitness=    0.487 limbs=12 depth=4 metrics={'auc': 0.48725172665944366, 'final': 0.5824891924122695, 'steps_to_threshold': 11666.666666666666, 'reached_threshold': 1.0}
02:17:04  DEBUG    id=108  fitness=    1.883 limbs=12 depth=4 metrics={'auc': 1.883266902983958, 'final': 2.02979208582402, 'steps_to_threshold': 10000.0, 'reached_threshold': 1.0}
02:17:04  DEBUG    id=109  fitness=    2.364 limbs= 7 depth=4 metrics={'auc': 2.364056573815136, 'final': 2.4952750326476716, 'steps_to_threshold': 5000.0, 'reached_threshold': 1.0}
02:17:04  DEBUG    id=110  fitness=    0.441 limbs= 7 depth=4 metrics={'auc': 0.4410937667368977, 'final': 0.5091949916635302, 'steps_to_threshold': 10000.0, 'reached_threshold': 1.0}
02:17:04  DEBUG    id=111  fitness=    0.925 limbs=12 depth=4 metrics={'auc': 0.9246790879465853, 'final': 1.023443033334899, 'steps_to_threshold': 11666.666666666666, 'reached_threshold': 1.0}
02:17:04  INFO   gen 4 done | best 9.726 (id=100, 7 limbs) | mean 1.350 | worst -3.009 | invalid 0 | 543.5s
02:17:04  INFO     ~8.4 min/gen, est. 168.8 min remaining
02:17:04  INFO   gen 5: evaluating 22/24 individuals (8 workers)
02:25:51  DEBUG    id=112  fitness=    0.678 limbs=12 depth=4 metrics={'auc': 0.677521398673238, 'final': 0.7785053502765433, 'steps_to_threshold': 11666.666666666666, 'reached_threshold': 1.0}
02:25:51  DEBUG    id=113  fitness=    1.886 limbs=12 depth=4 metrics={'auc': 1.886184975813884, 'final': 2.0307580034920645, 'steps_to_threshold': 11666.666666666666, 'reached_threshold': 1.0}
02:25:51  DEBUG    id=114  fitness=    1.044 limbs=11 depth=4 metrics={'auc': 1.0444416811209343, 'final': 1.1512418350601357, 'steps_to_threshold': 11666.666666666666, 'reached_threshold': 1.0}
02:25:51  DEBUG    id=115  fitness=    1.760 limbs=12 depth=4 metrics={'auc': 1.7596582932097966, 'final': 1.8890908656190313, 'steps_to_threshold': 10000.0, 'reached_threshold': 1.0}
02:25:51  DEBUG    id=116  fitness=    2.731 limbs= 6 depth=4 metrics={'auc': 2.731010310577021, 'final': 2.8752163123133467, 'steps_to_threshold': 5000.0, 'reached_threshold': 1.0}
02:25:51  DEBUG    id=117  fitness=    4.128 limbs= 7 depth=4 metrics={'auc': 4.128117474919812, 'final': 4.3045432094784735, 'steps_to_threshold': 5000.0, 'reached_threshold': 1.0}
02:25:51  DEBUG    id=118  fitness=    2.853 limbs= 7 depth=4 metrics={'auc': 2.852527178550171, 'final': 2.9948842952782857, 'steps_to_threshold': 5000.0, 'reached_threshold': 1.0}
02:25:51  DEBUG    id=119  fitness=    0.598 limbs= 7 depth=4 metrics={'auc': 0.5976431941961075, 'final': 0.6814544920488069, 'steps_to_threshold': 5000.0, 'reached_threshold': 1.0}
02:25:51  DEBUG    id=120  fitness=    2.446 limbs= 7 depth=4 metrics={'auc': 2.4459139594280814, 'final': 2.601348141889661, 'steps_to_threshold': 5000.0, 'reached_threshold': 1.0}
02:25:51  DEBUG    id=121  fitness=    4.725 limbs= 4 depth=4 metrics={'auc': 4.725237340934943, 'final': 4.924271830062295, 'steps_to_threshold': 10000.0, 'reached_threshold': 1.0}
02:25:51  DEBUG    id=122  fitness=    1.277 limbs=12 depth=4 metrics={'auc': 1.2767232327273914, 'final': 1.4061908115970096, 'steps_to_threshold': 13333.333333333334, 'reached_threshold': 1.0}
02:25:51  DEBUG    id=123  fitness=    2.337 limbs= 5 depth=4 metrics={'auc': 2.3374488770379966, 'final': 2.4367840546930464, 'steps_to_threshold': 8333.333333333334, 'reached_threshold': 1.0}
02:25:51  DEBUG    id=124  fitness=    3.177 limbs=11 depth=4 metrics={'auc': 3.176994897602133, 'final': 3.3251811976040178, 'steps_to_threshold': 10000.0, 'reached_threshold': 1.0}
02:25:51  DEBUG    id=125  fitness=    0.515 limbs= 7 depth=4 metrics={'auc': 0.5150547319874902, 'final': 0.5828220157039202, 'steps_to_threshold': 11666.666666666666, 'reached_threshold': 1.0}
02:25:51  DEBUG    id=126  fitness=    2.231 limbs=11 depth=4 metrics={'auc': 2.231498754222329, 'final': 2.3785699932189064, 'steps_to_threshold': 10000.0, 'reached_threshold': 1.0}
02:25:51  DEBUG    id=127  fitness=    2.008 limbs=12 depth=4 metrics={'auc': 2.0078604071538053, 'final': 2.135270651986661, 'steps_to_threshold': 10000.0, 'reached_threshold': 1.0}
02:25:51  DEBUG    id=128  fitness=    1.187 limbs=12 depth=4 metrics={'auc': 1.1874654704923386, 'final': 1.2878555553474327, 'steps_to_threshold': 11666.666666666666, 'reached_threshold': 1.0}
02:25:51  DEBUG    id=129  fitness=    1.854 limbs=12 depth=4 metrics={'auc': 1.8543066645406532, 'final': 1.980221893376253, 'steps_to_threshold': 10000.0, 'reached_threshold': 1.0}
02:25:51  DEBUG    id=130  fitness=    2.969 limbs= 5 depth=4 metrics={'auc': 2.9688061708766855, 'final': 3.082613214022589, 'steps_to_threshold': 6666.666666666667, 'reached_threshold': 1.0}
02:25:51  DEBUG    id=131  fitness=    6.486 limbs= 7 depth=4 metrics={'auc': 6.48605101490664, 'final': 6.755747959991223, 'steps_to_threshold': 8333.333333333334, 'reached_threshold': 1.0}
02:25:51  DEBUG    id=132  fitness=   -3.386 limbs= 4 depth=3 metrics={'auc': -3.3861907457965814, 'final': -3.3871693538042886, 'steps_to_threshold': 200000.0, 'reached_threshold': 0.0}
02:25:51  DEBUG    id=133  fitness=    0.952 limbs= 8 depth=4 metrics={'auc': 0.9521261397988559, 'final': 1.0324147520601354, 'steps_to_threshold': 5000.0, 'reached_threshold': 1.0}
02:25:51  INFO   gen 5 done | best 9.726 (id=100, 7 limbs) | mean 2.356 | worst -3.386 | invalid 0 | 527.2s
02:25:51  INFO     ~8.5 min/gen, est. 161.4 min remaining
02:25:51  INFO   gen 6: evaluating 22/24 individuals (8 workers)
02:33:33  DEBUG    id=134  fitness=     -inf limbs= 1 depth=1 metrics={'invalid': 'no_actuators'}
02:33:33  DEBUG    id=135  fitness=    3.193 limbs=11 depth=4 metrics={'auc': 3.1927146359759964, 'final': 3.34475181106424, 'steps_to_threshold': 8333.333333333334, 'reached_threshold': 1.0}
02:33:33  DEBUG    id=136  fitness=    3.610 limbs= 4 depth=4 metrics={'auc': 3.6100162180280706, 'final': 3.80370544111967, 'steps_to_threshold': 8333.333333333334, 'reached_threshold': 1.0}
02:33:33  DEBUG    id=137  fitness=    1.264 limbs= 8 depth=4 metrics={'auc': 1.2641196805867, 'final': 1.3508991568435087, 'steps_to_threshold': 5000.0, 'reached_threshold': 1.0}
02:33:33  DEBUG    id=138  fitness=    3.936 limbs= 7 depth=4 metrics={'auc': 3.9362108264679745, 'final': 4.128712128440994, 'steps_to_threshold': 5000.0, 'reached_threshold': 1.0}
02:33:33  DEBUG    id=139  fitness=    2.500 limbs= 5 depth=4 metrics={'auc': 2.4999865934863736, 'final': 2.620819473147622, 'steps_to_threshold': 10000.0, 'reached_threshold': 1.0}
02:33:33  DEBUG    id=140  fitness=    7.678 limbs= 7 depth=4 metrics={'auc': 7.678122970412436, 'final': 8.088267630665486, 'steps_to_threshold': 10000.0, 'reached_threshold': 1.0}
02:33:33  DEBUG    id=141  fitness=   15.700 limbs= 7 depth=4 metrics={'auc': 15.700118840926564, 'final': 16.52078544627454, 'steps_to_threshold': 11666.666666666666, 'reached_threshold': 1.0}
02:33:33  DEBUG    id=142  fitness=    4.246 limbs= 7 depth=4 metrics={'auc': 4.246216168719091, 'final': 4.422773482096102, 'steps_to_threshold': 5000.0, 'reached_threshold': 1.0}
02:33:33  DEBUG    id=143  fitness=    1.801 limbs= 8 depth=4 metrics={'auc': 1.8014000722161378, 'final': 1.8872471076714732, 'steps_to_threshold': 5000.0, 'reached_threshold': 1.0}
02:33:33  DEBUG    id=144  fitness=    1.558 limbs= 4 depth=4 metrics={'auc': 1.5581614950097091, 'final': 1.6439957500059457, 'steps_to_threshold': 5000.0, 'reached_threshold': 1.0}
02:33:33  DEBUG    id=145  fitness=    2.381 limbs= 5 depth=4 metrics={'auc': 2.3814913744025277, 'final': 2.495918131506548, 'steps_to_threshold': 10000.0, 'reached_threshold': 1.0}
02:33:33  DEBUG    id=146  fitness=    9.703 limbs= 7 depth=4 metrics={'auc': 9.703264186135113, 'final': 10.164904848342054, 'steps_to_threshold': 10000.0, 'reached_threshold': 1.0}
02:33:33  DEBUG    id=147  fitness=    1.741 limbs=12 depth=4 metrics={'auc': 1.7413624589618262, 'final': 1.9278675393713647, 'steps_to_threshold': 16666.666666666668, 'reached_threshold': 1.0}
02:33:33  DEBUG    id=148  fitness=    9.037 limbs= 8 depth=4 metrics={'auc': 9.037132336076409, 'final': 9.466599883168039, 'steps_to_threshold': 10000.0, 'reached_threshold': 1.0}
02:33:33  DEBUG    id=149  fitness=    3.454 limbs=11 depth=4 metrics={'auc': 3.453552444114043, 'final': 3.6121126141075126, 'steps_to_threshold': 10000.0, 'reached_threshold': 1.0}
02:33:33  DEBUG    id=150  fitness=    9.221 limbs= 8 depth=4 metrics={'auc': 9.221198981017109, 'final': 9.624768591265811, 'steps_to_threshold': 10000.0, 'reached_threshold': 1.0}
02:33:33  DEBUG    id=151  fitness=    2.405 limbs= 6 depth=4 metrics={'auc': 2.4047308804812744, 'final': 2.5497787632196616, 'steps_to_threshold': 5000.0, 'reached_threshold': 1.0}
02:33:33  DEBUG    id=152  fitness=    0.972 limbs=11 depth=4 metrics={'auc': 0.9716088531810305, 'final': 1.0760718406175827, 'steps_to_threshold': 11666.666666666666, 'reached_threshold': 1.0}
02:33:33  DEBUG    id=153  fitness=    8.741 limbs= 6 depth=3 metrics={'auc': 8.741164161028985, 'final': 9.132192572867035, 'steps_to_threshold': 10000.0, 'reached_threshold': 1.0}
02:33:33  DEBUG    id=154  fitness=    3.179 limbs=11 depth=4 metrics={'auc': 3.179022587884749, 'final': 3.3311986894659835, 'steps_to_threshold': 8333.333333333334, 'reached_threshold': 1.0}
02:33:33  DEBUG    id=155  fitness=    9.726 limbs= 7 depth=4 metrics={'auc': 9.725627714398392, 'final': 10.16182251180011, 'steps_to_threshold': 10000.0, 'reached_threshold': 1.0}
02:33:33  INFO   gen 6 done | best 15.700 (id=141, 7 limbs) | mean 5.239 | worst 0.972 | invalid 1 | 461.4s
02:33:33  INFO     ~8.4 min/gen, est. 150.9 min remaining
02:33:33  INFO   gen 7: evaluating 22/24 individuals (8 workers)
02:41:10  DEBUG    id=156  fitness=    3.736 limbs= 5 depth=4 metrics={'auc': 3.735975464615693, 'final': 3.9606998449908724, 'steps_to_threshold': 10000.0, 'reached_threshold': 1.0}
02:41:10  DEBUG    id=157  fitness=   -0.386 limbs= 2 depth=2 metrics={'auc': -0.3862956505459401, 'final': -0.30157522774304235, 'steps_to_threshold': 200000.0, 'reached_threshold': 0.0}
02:41:10  DEBUG    id=158  fitness=    1.265 limbs= 8 depth=4 metrics={'auc': 1.265095407577762, 'final': 1.3558339697517496, 'steps_to_threshold': 5000.0, 'reached_threshold': 1.0}
02:41:10  DEBUG    id=159  fitness=   11.679 limbs= 8 depth=4 metrics={'auc': 11.67935376664832, 'final': 12.458766808668502, 'steps_to_threshold': 15000.0, 'reached_threshold': 1.0}
02:41:10  DEBUG    id=160  fitness=   12.556 limbs= 7 depth=4 metrics={'auc': 12.556295752409119, 'final': 13.255254444763048, 'steps_to_threshold': 10000.0, 'reached_threshold': 1.0}
02:41:10  DEBUG    id=161  fitness=   10.077 limbs= 8 depth=4 metrics={'auc': 10.077415751071237, 'final': 10.667146889365947, 'steps_to_threshold': 10000.0, 'reached_threshold': 1.0}
02:41:10  DEBUG    id=162  fitness=   11.910 limbs= 7 depth=4 metrics={'auc': 11.910285148192727, 'final': 12.60485206770683, 'steps_to_threshold': 10000.0, 'reached_threshold': 1.0}
02:41:10  DEBUG    id=163  fitness=   16.514 limbs= 6 depth=4 metrics={'auc': 16.514184423672216, 'final': 17.38503772672679, 'steps_to_threshold': 10000.0, 'reached_threshold': 1.0}
02:41:10  DEBUG    id=164  fitness=    3.728 limbs= 7 depth=4 metrics={'auc': 3.728157810096926, 'final': 3.9634761048721785, 'steps_to_threshold': 5000.0, 'reached_threshold': 1.0}
02:41:10  DEBUG    id=165  fitness=   11.571 limbs= 6 depth=4 metrics={'auc': 11.571491551148279, 'final': 12.196068978859243, 'steps_to_threshold': 10000.0, 'reached_threshold': 1.0}
02:41:10  DEBUG    id=166  fitness=   16.451 limbs= 5 depth=4 metrics={'auc': 16.450632910283314, 'final': 17.21831095428916, 'steps_to_threshold': 10000.0, 'reached_threshold': 1.0}
02:41:10  DEBUG    id=167  fitness=   11.350 limbs= 7 depth=4 metrics={'auc': 11.349845154433075, 'final': 11.9558798918043, 'steps_to_threshold': 10000.0, 'reached_threshold': 1.0}
02:41:10  DEBUG    id=168  fitness=   -0.779 limbs= 2 depth=2 metrics={'auc': -0.7793937578505968, 'final': -0.7058978882186877, 'steps_to_threshold': 200000.0, 'reached_threshold': 0.0}
02:41:10  DEBUG    id=169  fitness=    4.448 limbs= 4 depth=4 metrics={'auc': 4.4477775834157685, 'final': 4.625627478426714, 'steps_to_threshold': 8333.333333333334, 'reached_threshold': 1.0}
02:41:10  DEBUG    id=170  fitness=    9.236 limbs= 8 depth=4 metrics={'auc': 9.236168015741718, 'final': 9.633837548740459, 'steps_to_threshold': 10000.0, 'reached_threshold': 1.0}
02:41:10  DEBUG    id=171  fitness=   12.181 limbs= 7 depth=4 metrics={'auc': 12.181292628497573, 'final': 12.871473407838835, 'steps_to_threshold': 10000.0, 'reached_threshold': 1.0}
02:41:10  DEBUG    id=172  fitness=    0.373 limbs= 4 depth=4 metrics={'auc': 0.37273465228175207, 'final': 0.43977116529264265, 'steps_to_threshold': 8333.333333333334, 'reached_threshold': 1.0}
02:41:10  DEBUG    id=173  fitness=    9.214 limbs= 6 depth=3 metrics={'auc': 9.21408059833725, 'final': 9.631325542503278, 'steps_to_threshold': 10000.0, 'reached_threshold': 1.0}
02:41:10  DEBUG    id=174  fitness=   15.793 limbs= 7 depth=4 metrics={'auc': 15.792780102044754, 'final': 16.742337436405776, 'steps_to_threshold': 15000.0, 'reached_threshold': 1.0}
02:41:10  DEBUG    id=175  fitness=    9.072 limbs= 8 depth=4 metrics={'auc': 9.072092683600522, 'final': 9.471934878342818, 'steps_to_threshold': 10000.0, 'reached_threshold': 1.0}
02:41:10  DEBUG    id=176  fitness=    9.535 limbs= 7 depth=4 metrics={'auc': 9.534625609163653, 'final': 10.05898862368218, 'steps_to_threshold': 11666.666666666666, 'reached_threshold': 1.0}
02:41:10  DEBUG    id=177  fitness=    3.889 limbs= 4 depth=4 metrics={'auc': 3.8887935116882217, 'final': 4.079551129888901, 'steps_to_threshold': 10000.0, 'reached_threshold': 1.0}
02:41:10  INFO   gen 7 done | best 16.514 (id=163, 6 limbs) | mean 8.661 | worst -0.779 | invalid 0 | 457.5s
02:41:10  INFO     ~8.3 min/gen, est. 140.9 min remaining
02:41:10  INFO   gen 8: evaluating 22/24 individuals (8 workers)
02:49:13  DEBUG    id=178  fitness=   15.211 limbs= 8 depth=4 metrics={'auc': 15.210666477639359, 'final': 16.253397716478773, 'steps_to_threshold': 13333.333333333334, 'reached_threshold': 1.0}
02:49:13  DEBUG    id=179  fitness=   13.681 limbs= 8 depth=4 metrics={'auc': 13.681391249833894, 'final': 14.370866534965295, 'steps_to_threshold': 11666.666666666666, 'reached_threshold': 1.0}
02:49:13  DEBUG    id=180  fitness=   15.750 limbs= 5 depth=4 metrics={'auc': 15.749844883752528, 'final': 16.57454308892729, 'steps_to_threshold': 10000.0, 'reached_threshold': 1.0}
02:49:13  DEBUG    id=181  fitness=   15.090 limbs= 6 depth=4 metrics={'auc': 15.090066308988122, 'final': 15.871758275320635, 'steps_to_threshold': 10000.0, 'reached_threshold': 1.0}
02:49:13  DEBUG    id=182  fitness=   13.686 limbs= 8 depth=4 metrics={'auc': 13.68562066519567, 'final': 14.442205019119065, 'steps_to_threshold': 13333.333333333334, 'reached_threshold': 1.0}
02:49:13  DEBUG    id=183  fitness=   10.557 limbs= 7 depth=4 metrics={'auc': 10.557199640020398, 'final': 11.183069307273039, 'steps_to_threshold': 11666.666666666666, 'reached_threshold': 1.0}
02:49:13  DEBUG    id=184  fitness=   16.571 limbs= 6 depth=4 metrics={'auc': 16.570722739856617, 'final': 17.406827029719107, 'steps_to_threshold': 13333.333333333334, 'reached_threshold': 1.0}
02:49:13  DEBUG    id=185  fitness=    4.002 limbs= 5 depth=3 metrics={'auc': 4.001990327237478, 'final': 4.157943316512639, 'steps_to_threshold': 10000.0, 'reached_threshold': 1.0}
02:49:13  DEBUG    id=186  fitness=   -3.361 limbs= 3 depth=3 metrics={'auc': -3.3613447009629005, 'final': -3.3600321610445776, 'steps_to_threshold': 200000.0, 'reached_threshold': 0.0}
02:49:13  DEBUG    id=187  fitness=     -inf limbs= 1 depth=1 metrics={'invalid': 'no_actuators'}
02:49:13  DEBUG    id=188  fitness=   16.311 limbs= 6 depth=4 metrics={'auc': 16.310622722293246, 'final': 17.140557380868938, 'steps_to_threshold': 10000.0, 'reached_threshold': 1.0}
02:49:13  DEBUG    id=189  fitness=   16.251 limbs= 5 depth=4 metrics={'auc': 16.2506710343103, 'final': 17.086168780781108, 'steps_to_threshold': 10000.0, 'reached_threshold': 1.0}
02:49:13  DEBUG    id=190  fitness=   14.211 limbs= 7 depth=4 metrics={'auc': 14.211188894740465, 'final': 15.041340125341298, 'steps_to_threshold': 13333.333333333334, 'reached_threshold': 1.0}
02:49:13  DEBUG    id=191  fitness=   16.424 limbs= 5 depth=4 metrics={'auc': 16.423877706340008, 'final': 17.194952267389965, 'steps_to_threshold': 10000.0, 'reached_threshold': 1.0}
02:49:13  DEBUG    id=192  fitness=   16.437 limbs= 5 depth=4 metrics={'auc': 16.437095051823245, 'final': 17.27761394751508, 'steps_to_threshold': 10000.0, 'reached_threshold': 1.0}
02:49:13  DEBUG    id=193  fitness=   14.674 limbs= 5 depth=3 metrics={'auc': 14.673984159384412, 'final': 15.349879509108332, 'steps_to_threshold': 10000.0, 'reached_threshold': 1.0}
02:49:13  DEBUG    id=194  fitness=   -3.452 limbs= 3 depth=3 metrics={'auc': -3.45213692162613, 'final': -3.4490259231072957, 'steps_to_threshold': 200000.0, 'reached_threshold': 0.0}
02:49:13  DEBUG    id=195  fitness=   16.611 limbs= 6 depth=4 metrics={'auc': 16.611114696608883, 'final': 17.369328006242686, 'steps_to_threshold': 10000.0, 'reached_threshold': 1.0}
02:49:13  DEBUG    id=196  fitness=   15.767 limbs= 6 depth=4 metrics={'auc': 15.766827053993879, 'final': 16.55069493775913, 'steps_to_threshold': 10000.0, 'reached_threshold': 1.0}
02:49:13  DEBUG    id=197  fitness=   11.240 limbs= 7 depth=4 metrics={'auc': 11.23980335183414, 'final': 11.808515439472226, 'steps_to_threshold': 10000.0, 'reached_threshold': 1.0}
02:49:13  DEBUG    id=198  fitness=   15.942 limbs= 5 depth=4 metrics={'auc': 15.942360652372704, 'final': 16.745109463413694, 'steps_to_threshold': 10000.0, 'reached_threshold': 1.0}
02:49:13  DEBUG    id=199  fitness=   15.097 limbs= 6 depth=4 metrics={'auc': 15.097200433354727, 'final': 15.892690828966773, 'steps_to_threshold': 13333.333333333334, 'reached_threshold': 1.0}
02:49:13  INFO   gen 8 done | best 16.611 (id=195, 6 limbs) | mean 13.029 | worst -3.452 | invalid 1 | 482.3s
02:49:13  INFO     ~8.3 min/gen, est. 132.2 min remaining
02:49:13  INFO   gen 9: evaluating 22/24 individuals (8 workers)
02:56:51  DEBUG    id=200  fitness=   16.048 limbs= 6 depth=4 metrics={'auc': 16.048141727781267, 'final': 16.915718093949124, 'steps_to_threshold': 11666.666666666666, 'reached_threshold': 1.0}
02:56:51  DEBUG    id=201  fitness=   14.367 limbs= 5 depth=4 metrics={'auc': 14.367186332366373, 'final': 14.955037942423884, 'steps_to_threshold': 10000.0, 'reached_threshold': 1.0}
02:56:51  DEBUG    id=202  fitness=   15.816 limbs= 5 depth=4 metrics={'auc': 15.816075559517722, 'final': 16.562645862911623, 'steps_to_threshold': 10000.0, 'reached_threshold': 1.0}
02:56:51  DEBUG    id=203  fitness=   16.842 limbs= 6 depth=4 metrics={'auc': 16.84187268507053, 'final': 17.662054533954947, 'steps_to_threshold': 10000.0, 'reached_threshold': 1.0}
02:56:51  DEBUG    id=204  fitness=   16.464 limbs= 5 depth=4 metrics={'auc': 16.464255210645675, 'final': 17.40194225061491, 'steps_to_threshold': 10000.0, 'reached_threshold': 1.0}
02:56:51  DEBUG    id=205  fitness=   17.140 limbs= 5 depth=4 metrics={'auc': 17.140258015953616, 'final': 17.92459490982158, 'steps_to_threshold': 10000.0, 'reached_threshold': 1.0}
02:56:51  DEBUG    id=206  fitness=   15.459 limbs= 5 depth=4 metrics={'auc': 15.459197061061069, 'final': 16.179242200151958, 'steps_to_threshold': 10000.0, 'reached_threshold': 1.0}
02:56:51  DEBUG    id=207  fitness=   16.245 limbs= 5 depth=4 metrics={'auc': 16.245388948162375, 'final': 16.99688786159552, 'steps_to_threshold': 10000.0, 'reached_threshold': 1.0}
02:56:51  DEBUG    id=208  fitness=   16.489 limbs= 6 depth=4 metrics={'auc': 16.48878868636575, 'final': 17.38799061672454, 'steps_to_threshold': 10000.0, 'reached_threshold': 1.0}
02:56:51  DEBUG    id=209  fitness=   16.338 limbs= 6 depth=4 metrics={'auc': 16.337567839429333, 'final': 17.076445176828503, 'steps_to_threshold': 10000.0, 'reached_threshold': 1.0}
02:56:51  DEBUG    id=210  fitness=   15.893 limbs= 5 depth=4 metrics={'auc': 15.893066508497427, 'final': 16.670847874155815, 'steps_to_threshold': 10000.0, 'reached_threshold': 1.0}
02:56:51  DEBUG    id=211  fitness=   16.498 limbs= 5 depth=4 metrics={'auc': 16.497929892194477, 'final': 17.318678254994325, 'steps_to_threshold': 10000.0, 'reached_threshold': 1.0}
02:56:51  DEBUG    id=212  fitness=   16.356 limbs= 5 depth=4 metrics={'auc': 16.355609793893493, 'final': 17.110948768394255, 'steps_to_threshold': 10000.0, 'reached_threshold': 1.0}
02:56:51  DEBUG    id=213  fitness=   15.525 limbs= 4 depth=4 metrics={'auc': 15.52536204496788, 'final': 16.260996060046967, 'steps_to_threshold': 10000.0, 'reached_threshold': 1.0}
02:56:51  DEBUG    id=214  fitness=    4.154 limbs= 5 depth=4 metrics={'auc': 4.154375137802678, 'final': 4.605678283432213, 'steps_to_threshold': 15000.0, 'reached_threshold': 1.0}
02:56:51  DEBUG    id=215  fitness=    7.239 limbs= 3 depth=3 metrics={'auc': 7.2394338310340345, 'final': 7.549252882984824, 'steps_to_threshold': 10000.0, 'reached_threshold': 1.0}
02:56:51  DEBUG    id=216  fitness=   16.688 limbs= 6 depth=4 metrics={'auc': 16.688114786545697, 'final': 17.609507004808602, 'steps_to_threshold': 11666.666666666666, 'reached_threshold': 1.0}
02:56:51  DEBUG    id=217  fitness=   16.559 limbs= 5 depth=4 metrics={'auc': 16.559371560043033, 'final': 17.381131373322162, 'steps_to_threshold': 10000.0, 'reached_threshold': 1.0}
02:56:51  DEBUG    id=218  fitness=   16.460 limbs= 6 depth=4 metrics={'auc': 16.45963559664281, 'final': 17.37778411575101, 'steps_to_threshold': 11666.666666666666, 'reached_threshold': 1.0}
02:56:51  DEBUG    id=219  fitness=   11.314 limbs= 6 depth=4 metrics={'auc': 11.314122080013549, 'final': 12.050291976181446, 'steps_to_threshold': 10000.0, 'reached_threshold': 1.0}
02:56:51  DEBUG    id=220  fitness=   15.947 limbs= 6 depth=4 metrics={'auc': 15.946510982682938, 'final': 16.832232751146034, 'steps_to_threshold': 13333.333333333334, 'reached_threshold': 1.0}
02:56:51  DEBUG    id=221  fitness=   16.748 limbs= 5 depth=4 metrics={'auc': 16.74848973870805, 'final': 17.559575997133948, 'steps_to_threshold': 10000.0, 'reached_threshold': 1.0}
02:56:51  INFO   gen 9 done | best 17.140 (id=205, 5 limbs) | mean 15.151 | worst 4.154 | invalid 0 | 458.6s
02:56:51  INFO     ~8.2 min/gen, est. 123.0 min remaining
02:56:51  INFO   gen 10: evaluating 22/24 individuals (8 workers)
03:03:42  DEBUG    id=222  fitness=   17.370 limbs= 5 depth=4 metrics={'auc': 17.369600395879242, 'final': 18.2188773943046, 'steps_to_threshold': 10000.0, 'reached_threshold': 1.0}
03:03:42  DEBUG    id=223  fitness=    7.321 limbs= 4 depth=3 metrics={'auc': 7.320544193692612, 'final': 7.5509857279001835, 'steps_to_threshold': 10000.0, 'reached_threshold': 1.0}
03:03:42  DEBUG    id=224  fitness=   16.582 limbs= 6 depth=4 metrics={'auc': 16.58229745100291, 'final': 17.388497499361677, 'steps_to_threshold': 10000.0, 'reached_threshold': 1.0}
03:03:42  DEBUG    id=225  fitness=   16.664 limbs= 6 depth=4 metrics={'auc': 16.663684470126473, 'final': 17.47717035754671, 'steps_to_threshold': 10000.0, 'reached_threshold': 1.0}
03:03:42  DEBUG    id=226  fitness=     -inf limbs= 1 depth=1 metrics={'invalid': 'no_actuators'}
03:03:42  DEBUG    id=227  fitness=   16.352 limbs= 4 depth=3 metrics={'auc': 16.35227804463351, 'final': 17.23727297372922, 'steps_to_threshold': 10000.0, 'reached_threshold': 1.0}
03:03:42  DEBUG    id=228  fitness=   16.379 limbs= 5 depth=4 metrics={'auc': 16.378547677892254, 'final': 17.123148375038483, 'steps_to_threshold': 10000.0, 'reached_threshold': 1.0}
03:03:42  DEBUG    id=229  fitness=   13.662 limbs= 5 depth=4 metrics={'auc': 13.661582700984262, 'final': 14.353344619664819, 'steps_to_threshold': 11666.666666666666, 'reached_threshold': 1.0}
03:03:42  DEBUG    id=230  fitness=   18.111 limbs= 5 depth=4 metrics={'auc': 18.110637141037945, 'final': 18.88628317340878, 'steps_to_threshold': 10000.0, 'reached_threshold': 1.0}
03:03:42  DEBUG    id=231  fitness=   13.520 limbs= 4 depth=3 metrics={'auc': 13.519949977791766, 'final': 14.219934512018755, 'steps_to_threshold': 10000.0, 'reached_threshold': 1.0}
03:03:42  DEBUG    id=232  fitness=   15.726 limbs= 6 depth=4 metrics={'auc': 15.726435906505266, 'final': 16.480374583735752, 'steps_to_threshold': 10000.0, 'reached_threshold': 1.0}
03:03:42  DEBUG    id=233  fitness=   15.917 limbs= 5 depth=3 metrics={'auc': 15.91711087514872, 'final': 16.74729138314207, 'steps_to_threshold': 10000.0, 'reached_threshold': 1.0}
03:03:42  DEBUG    id=234  fitness=   13.225 limbs= 7 depth=4 metrics={'auc': 13.224582804650794, 'final': 13.984567239917432, 'steps_to_threshold': 13333.333333333334, 'reached_threshold': 1.0}
03:03:42  DEBUG    id=235  fitness=   17.421 limbs= 4 depth=4 metrics={'auc': 17.421040346272413, 'final': 18.398098887574907, 'steps_to_threshold': 10000.0, 'reached_threshold': 1.0}
03:03:42  DEBUG    id=236  fitness=   16.489 limbs= 5 depth=4 metrics={'auc': 16.48851322334706, 'final': 17.312460571798393, 'steps_to_threshold': 11666.666666666666, 'reached_threshold': 1.0}
03:03:42  DEBUG    id=237  fitness=   14.716 limbs= 5 depth=4 metrics={'auc': 14.71605937278587, 'final': 15.486809361329518, 'steps_to_threshold': 10000.0, 'reached_threshold': 1.0}
03:03:42  DEBUG    id=238  fitness=   15.928 limbs= 5 depth=4 metrics={'auc': 15.927900953692548, 'final': 16.80375141865127, 'steps_to_threshold': 10000.0, 'reached_threshold': 1.0}
03:03:42  DEBUG    id=239  fitness=   16.490 limbs= 5 depth=4 metrics={'auc': 16.489661244972513, 'final': 17.269950384587442, 'steps_to_threshold': 10000.0, 'reached_threshold': 1.0}
03:03:42  DEBUG    id=240  fitness=   16.117 limbs= 4 depth=3 metrics={'auc': 16.11746474643687, 'final': 16.841990857078233, 'steps_to_threshold': 10000.0, 'reached_threshold': 1.0}
03:03:42  DEBUG    id=241  fitness=   15.274 limbs= 4 depth=4 metrics={'auc': 15.274146950430785, 'final': 16.039335537067316, 'steps_to_threshold': 10000.0, 'reached_threshold': 1.0}
03:03:42  DEBUG    id=242  fitness=   14.635 limbs= 3 depth=3 metrics={'auc': 14.634976603989623, 'final': 15.313798789459161, 'steps_to_threshold': 10000.0, 'reached_threshold': 1.0}
03:03:42  DEBUG    id=243  fitness=   13.311 limbs= 5 depth=3 metrics={'auc': 13.311158708848815, 'final': 13.954017709602644, 'steps_to_threshold': 10000.0, 'reached_threshold': 1.0}
03:03:42  INFO   gen 10 done | best 18.111 (id=230, 5 limbs) | mean 15.443 | worst 7.321 | invalid 1 | 410.4s
03:03:42  INFO     ~8.1 min/gen, est. 113.0 min remaining
03:03:42  INFO   gen 11: evaluating 22/24 individuals (8 workers)
03:10:33  DEBUG    id=244  fitness=   12.228 limbs= 3 depth=3 metrics={'auc': 12.227834286532188, 'final': 12.824187841823735, 'steps_to_threshold': 10000.0, 'reached_threshold': 1.0}
03:10:33  DEBUG    id=245  fitness=   16.070 limbs= 5 depth=4 metrics={'auc': 16.07008302575939, 'final': 16.77091160324132, 'steps_to_threshold': 10000.0, 'reached_threshold': 1.0}
03:10:33  DEBUG    id=246  fitness=   16.139 limbs= 6 depth=4 metrics={'auc': 16.13852535495886, 'final': 16.939070364160646, 'steps_to_threshold': 10000.0, 'reached_threshold': 1.0}
03:10:33  DEBUG    id=247  fitness=   17.983 limbs= 5 depth=4 metrics={'auc': 17.98297926835546, 'final': 18.806152648728432, 'steps_to_threshold': 10000.0, 'reached_threshold': 1.0}
03:10:33  DEBUG    id=248  fitness=   21.127 limbs= 5 depth=4 metrics={'auc': 21.12659181076982, 'final': 22.08614916653511, 'steps_to_threshold': 10000.0, 'reached_threshold': 1.0}
03:10:33  DEBUG    id=249  fitness=   20.445 limbs= 5 depth=4 metrics={'auc': 20.444847832969874, 'final': 21.671757918684364, 'steps_to_threshold': 10000.0, 'reached_threshold': 1.0}
03:10:33  DEBUG    id=250  fitness=     -inf limbs= 1 depth=1 metrics={'invalid': 'no_actuators'}
03:10:33  DEBUG    id=251  fitness=    7.079 limbs= 5 depth=3 metrics={'auc': 7.078811835617324, 'final': 7.390678976618715, 'steps_to_threshold': 10000.0, 'reached_threshold': 1.0}
03:10:33  DEBUG    id=252  fitness=   14.238 limbs= 4 depth=4 metrics={'auc': 14.238245472218004, 'final': 14.932796807885824, 'steps_to_threshold': 10000.0, 'reached_threshold': 1.0}
03:10:33  DEBUG    id=253  fitness=   15.669 limbs= 5 depth=4 metrics={'auc': 15.66893331946058, 'final': 16.376150178299, 'steps_to_threshold': 10000.0, 'reached_threshold': 1.0}
03:10:33  DEBUG    id=254  fitness=   17.563 limbs= 6 depth=4 metrics={'auc': 17.562558098709115, 'final': 18.413838943425436, 'steps_to_threshold': 10000.0, 'reached_threshold': 1.0}
03:10:33  DEBUG    id=255  fitness=   20.809 limbs= 6 depth=4 metrics={'auc': 20.80949346991287, 'final': 22.001429309298413, 'steps_to_threshold': 10000.0, 'reached_threshold': 1.0}
03:10:33  DEBUG    id=256  fitness=   27.567 limbs= 7 depth=4 metrics={'auc': 27.567343230524802, 'final': 28.97388346078752, 'steps_to_threshold': 13333.333333333334, 'reached_threshold': 1.0}
03:10:33  DEBUG    id=257  fitness=   16.048 limbs= 7 depth=4 metrics={'auc': 16.04770283984663, 'final': 16.806781312219112, 'steps_to_threshold': 10000.0, 'reached_threshold': 1.0}
03:10:33  DEBUG    id=258  fitness=   16.595 limbs= 6 depth=4 metrics={'auc': 16.59513363727942, 'final': 17.437051263244637, 'steps_to_threshold': 10000.0, 'reached_threshold': 1.0}
03:10:33  DEBUG    id=259  fitness=   16.042 limbs= 5 depth=3 metrics={'auc': 16.04174126923802, 'final': 16.87964939369063, 'steps_to_threshold': 10000.0, 'reached_threshold': 1.0}
03:10:33  DEBUG    id=260  fitness=   16.789 limbs= 3 depth=3 metrics={'auc': 16.788917868411215, 'final': 17.47819930345551, 'steps_to_threshold': 10000.0, 'reached_threshold': 1.0}
03:10:33  DEBUG    id=261  fitness=   15.972 limbs= 7 depth=4 metrics={'auc': 15.97230682220895, 'final': 16.868295173561865, 'steps_to_threshold': 11666.666666666666, 'reached_threshold': 1.0}
03:10:33  DEBUG    id=262  fitness=   15.789 limbs= 4 depth=4 metrics={'auc': 15.789481717763996, 'final': 16.493276914992453, 'steps_to_threshold': 10000.0, 'reached_threshold': 1.0}
03:10:33  DEBUG    id=263  fitness=   18.036 limbs= 5 depth=4 metrics={'auc': 18.03596381717755, 'final': 18.880179439513494, 'steps_to_threshold': 10000.0, 'reached_threshold': 1.0}
03:10:33  DEBUG    id=264  fitness=   14.559 limbs= 4 depth=3 metrics={'auc': 14.558834568971937, 'final': 15.294281797149301, 'steps_to_threshold': 10000.0, 'reached_threshold': 1.0}
03:10:33  DEBUG    id=265  fitness=   17.046 limbs= 6 depth=4 metrics={'auc': 17.04590703588663, 'final': 17.924633708944125, 'steps_to_threshold': 10000.0, 'reached_threshold': 1.0}
03:10:33  INFO   gen 11 done | best 27.567 (id=256, 7 limbs) | mean 16.927 | worst 7.079 | invalid 1 | 411.4s
03:10:33  INFO     ~8.0 min/gen, est. 103.6 min remaining
03:10:33  INFO   gen 12: evaluating 22/24 individuals (8 workers)
03:17:19  DEBUG    id=266  fitness=   21.565 limbs= 4 depth=4 metrics={'auc': 21.565112935149305, 'final': 22.753814724456415, 'steps_to_threshold': 10000.0, 'reached_threshold': 1.0}
03:17:19  DEBUG    id=267  fitness=   20.317 limbs= 5 depth=4 metrics={'auc': 20.317350803233293, 'final': 21.46096634132634, 'steps_to_threshold': 11666.666666666666, 'reached_threshold': 1.0}
03:17:19  DEBUG    id=268  fitness=    9.488 limbs= 3 depth=3 metrics={'auc': 9.488004240157581, 'final': 9.83476669700042, 'steps_to_threshold': 10000.0, 'reached_threshold': 1.0}
03:17:19  DEBUG    id=269  fitness=   19.757 limbs= 7 depth=4 metrics={'auc': 19.757392463148648, 'final': 20.82503379805647, 'steps_to_threshold': 10000.0, 'reached_threshold': 1.0}
03:17:19  DEBUG    id=270  fitness=   18.840 limbs= 5 depth=4 metrics={'auc': 18.8398005277557, 'final': 19.60790829165011, 'steps_to_threshold': 10000.0, 'reached_threshold': 1.0}
03:17:19  DEBUG    id=271  fitness=   18.515 limbs= 5 depth=4 metrics={'auc': 18.515395640611807, 'final': 19.333441226756776, 'steps_to_threshold': 10000.0, 'reached_threshold': 1.0}
03:17:19  DEBUG    id=272  fitness=   16.091 limbs= 5 depth=4 metrics={'auc': 16.090846960809504, 'final': 16.83680784388336, 'steps_to_threshold': 10000.0, 'reached_threshold': 1.0}
03:17:19  DEBUG    id=273  fitness=   17.156 limbs= 5 depth=4 metrics={'auc': 17.156415422877128, 'final': 17.910939906824115, 'steps_to_threshold': 10000.0, 'reached_threshold': 1.0}
03:17:19  DEBUG    id=274  fitness=   18.686 limbs= 5 depth=4 metrics={'auc': 18.685506739387733, 'final': 19.571036352974364, 'steps_to_threshold': 10000.0, 'reached_threshold': 1.0}
03:17:19  DEBUG    id=275  fitness=   11.842 limbs= 3 depth=3 metrics={'auc': 11.841602874502735, 'final': 12.422140366494736, 'steps_to_threshold': 10000.0, 'reached_threshold': 1.0}
03:17:19  DEBUG    id=276  fitness=   19.401 limbs= 6 depth=4 metrics={'auc': 19.401323351023212, 'final': 20.475503031752982, 'steps_to_threshold': 13333.333333333334, 'reached_threshold': 1.0}
03:17:19  DEBUG    id=277  fitness=   17.203 limbs= 5 depth=4 metrics={'auc': 17.20272930694584, 'final': 17.991469762547244, 'steps_to_threshold': 10000.0, 'reached_threshold': 1.0}
03:17:19  DEBUG    id=278  fitness=   21.007 limbs= 7 depth=4 metrics={'auc': 21.007391134956208, 'final': 21.93672881129957, 'steps_to_threshold': 10000.0, 'reached_threshold': 1.0}
03:17:19  DEBUG    id=279  fitness=   17.986 limbs= 4 depth=3 metrics={'auc': 17.985550067139254, 'final': 18.78395758049858, 'steps_to_threshold': 10000.0, 'reached_threshold': 1.0}
03:17:19  DEBUG    id=280  fitness=   18.023 limbs= 7 depth=4 metrics={'auc': 18.02328665548799, 'final': 19.147661883662156, 'steps_to_threshold': 10000.0, 'reached_threshold': 1.0}
03:17:19  DEBUG    id=281  fitness=   18.393 limbs= 5 depth=4 metrics={'auc': 18.393175562125467, 'final': 19.20857169081069, 'steps_to_threshold': 10000.0, 'reached_threshold': 1.0}
03:17:19  DEBUG    id=282  fitness=     -inf limbs= 1 depth=1 metrics={'invalid': 'no_actuators'}
03:17:19  DEBUG    id=283  fitness=     -inf limbs= 1 depth=1 metrics={'invalid': 'no_actuators'}
03:17:19  DEBUG    id=284  fitness=   17.016 limbs= 6 depth=4 metrics={'auc': 17.01558999762125, 'final': 17.91895636451015, 'steps_to_threshold': 10000.0, 'reached_threshold': 1.0}
03:17:19  DEBUG    id=285  fitness=   18.408 limbs= 5 depth=4 metrics={'auc': 18.407526803158884, 'final': 19.236140150330915, 'steps_to_threshold': 10000.0, 'reached_threshold': 1.0}
03:17:19  DEBUG    id=286  fitness=     -inf limbs= 1 depth=1 metrics={'invalid': 'no_actuators'}
03:17:19  DEBUG    id=287  fitness=    6.175 limbs= 3 depth=3 metrics={'auc': 6.175149524204916, 'final': 6.393069943626672, 'steps_to_threshold': 10000.0, 'reached_threshold': 1.0}
03:17:19  INFO   gen 12 done | best 27.567 (id=256, 7 limbs) | mean 17.821 | worst 6.175 | invalid 3 | 406.2s
03:17:19  INFO     ~7.9 min/gen, est. 94.6 min remaining
03:17:19  INFO   gen 13: evaluating 22/24 individuals (8 workers)
03:24:50  DEBUG    id=288  fitness=   17.476 limbs= 7 depth=4 metrics={'auc': 17.475514784359977, 'final': 18.471651611458434, 'steps_to_threshold': 10000.0, 'reached_threshold': 1.0}
03:24:50  DEBUG    id=289  fitness=   15.395 limbs= 6 depth=4 metrics={'auc': 15.394924313935787, 'final': 16.30973818190276, 'steps_to_threshold': 15000.0, 'reached_threshold': 1.0}
03:24:50  DEBUG    id=290  fitness=   21.197 limbs= 6 depth=4 metrics={'auc': 21.196837315653127, 'final': 22.214005346967316, 'steps_to_threshold': 10000.0, 'reached_threshold': 1.0}
03:24:50  DEBUG    id=291  fitness=   21.032 limbs= 6 depth=4 metrics={'auc': 21.032038728346464, 'final': 22.20736134974703, 'steps_to_threshold': 10000.0, 'reached_threshold': 1.0}
03:24:50  DEBUG    id=292  fitness=   17.307 limbs= 8 depth=4 metrics={'auc': 17.307013571904537, 'final': 18.3905622737647, 'steps_to_threshold': 10000.0, 'reached_threshold': 1.0}
03:24:50  DEBUG    id=293  fitness=   25.843 limbs= 7 depth=4 metrics={'auc': 25.843053447413165, 'final': 27.20793682342615, 'steps_to_threshold': 10000.0, 'reached_threshold': 1.0}
03:24:50  DEBUG    id=294  fitness=   19.018 limbs= 5 depth=4 metrics={'auc': 19.017944475305683, 'final': 19.930264215836615, 'steps_to_threshold': 10000.0, 'reached_threshold': 1.0}
03:24:50  DEBUG    id=295  fitness=   10.478 limbs= 3 depth=3 metrics={'auc': 10.47795324769809, 'final': 10.850176138478377, 'steps_to_threshold': 10000.0, 'reached_threshold': 1.0}
03:24:50  DEBUG    id=296  fitness=    8.560 limbs= 3 depth=3 metrics={'auc': 8.55998528174049, 'final': 8.84004195095838, 'steps_to_threshold': 10000.0, 'reached_threshold': 1.0}
03:24:50  DEBUG    id=297  fitness=   20.951 limbs= 7 depth=4 metrics={'auc': 20.95129973793979, 'final': 21.89849596166709, 'steps_to_threshold': 10000.0, 'reached_threshold': 1.0}
03:24:50  DEBUG    id=298  fitness=   13.725 limbs= 5 depth=4 metrics={'auc': 13.72469221704273, 'final': 14.303577097784789, 'steps_to_threshold': 10000.0, 'reached_threshold': 1.0}
03:24:50  DEBUG    id=299  fitness=   18.728 limbs= 5 depth=4 metrics={'auc': 18.728283236401435, 'final': 19.575285451913473, 'steps_to_threshold': 10000.0, 'reached_threshold': 1.0}
03:24:50  DEBUG    id=300  fitness=   15.619 limbs= 4 depth=4 metrics={'auc': 15.618648676858363, 'final': 16.275090788550294, 'steps_to_threshold': 10000.0, 'reached_threshold': 1.0}
03:24:50  DEBUG    id=301  fitness=    7.022 limbs= 4 depth=3 metrics={'auc': 7.021660373302761, 'final': 7.301827283928863, 'steps_to_threshold': 8333.333333333334, 'reached_threshold': 1.0}
03:24:50  DEBUG    id=302  fitness=   22.356 limbs= 6 depth=4 metrics={'auc': 22.35584475086762, 'final': 23.598239079831785, 'steps_to_threshold': 10000.0, 'reached_threshold': 1.0}
03:24:50  DEBUG    id=303  fitness=   22.414 limbs= 6 depth=4 metrics={'auc': 22.414036252828197, 'final': 23.563833178138946, 'steps_to_threshold': 10000.0, 'reached_threshold': 1.0}
03:24:50  DEBUG    id=304  fitness=   20.852 limbs= 7 depth=4 metrics={'auc': 20.851568984403333, 'final': 21.987679825689835, 'steps_to_threshold': 10000.0, 'reached_threshold': 1.0}
03:24:50  DEBUG    id=305  fitness=     -inf limbs= 1 depth=1 metrics={'invalid': 'no_actuators'}
03:24:50  DEBUG    id=306  fitness=   20.699 limbs= 4 depth=4 metrics={'auc': 20.698675148405687, 'final': 21.789375698883685, 'steps_to_threshold': 10000.0, 'reached_threshold': 1.0}
03:24:50  DEBUG    id=307  fitness=   17.351 limbs= 4 depth=3 metrics={'auc': 17.35093657934223, 'final': 18.070055414548985, 'steps_to_threshold': 10000.0, 'reached_threshold': 1.0}
03:24:50  DEBUG    id=308  fitness=   18.025 limbs= 5 depth=4 metrics={'auc': 18.02465170733589, 'final': 18.927423744831728, 'steps_to_threshold': 11666.666666666666, 'reached_threshold': 1.0}
03:24:50  DEBUG    id=309  fitness=   16.065 limbs= 7 depth=4 metrics={'auc': 16.065352801683222, 'final': 17.052522950754913, 'steps_to_threshold': 10000.0, 'reached_threshold': 1.0}
03:24:50  INFO   gen 13 done | best 27.567 (id=256, 7 limbs) | mean 18.228 | worst 7.022 | invalid 1 | 450.5s
03:24:50  INFO     ~7.9 min/gen, est. 86.4 min remaining
03:24:50  INFO   gen 14: evaluating 22/24 individuals (8 workers)
03:32:35  DEBUG    id=310  fitness=   21.102 limbs= 7 depth=4 metrics={'auc': 21.101682791226967, 'final': 22.015052006136788, 'steps_to_threshold': 10000.0, 'reached_threshold': 1.0}
03:32:35  DEBUG    id=311  fitness=   25.239 limbs= 6 depth=4 metrics={'auc': 25.238514106750415, 'final': 26.606298198554413, 'steps_to_threshold': 10000.0, 'reached_threshold': 1.0}
03:32:35  DEBUG    id=312  fitness=   17.684 limbs= 8 depth=4 metrics={'auc': 17.6836004433586, 'final': 18.717458476868334, 'steps_to_threshold': 10000.0, 'reached_threshold': 1.0}
03:32:35  DEBUG    id=313  fitness=   23.301 limbs= 7 depth=4 metrics={'auc': 23.301443433294583, 'final': 24.501564324125834, 'steps_to_threshold': 11666.666666666666, 'reached_threshold': 1.0}
03:32:35  DEBUG    id=314  fitness=   27.906 limbs= 7 depth=4 metrics={'auc': 27.905839614764915, 'final': 29.356590801913494, 'steps_to_threshold': 10000.0, 'reached_threshold': 1.0}
03:32:35  DEBUG    id=315  fitness=   18.883 limbs= 5 depth=4 metrics={'auc': 18.883038875166026, 'final': 19.747681778448126, 'steps_to_threshold': 10000.0, 'reached_threshold': 1.0}
03:32:35  DEBUG    id=316  fitness=   21.647 limbs= 6 depth=4 metrics={'auc': 21.646581578825238, 'final': 22.86695404350969, 'steps_to_threshold': 10000.0, 'reached_threshold': 1.0}
03:32:35  DEBUG    id=317  fitness=   27.513 limbs= 7 depth=4 metrics={'auc': 27.51259758793171, 'final': 29.087202269862104, 'steps_to_threshold': 11666.666666666666, 'reached_threshold': 1.0}
03:32:35  DEBUG    id=318  fitness=   21.186 limbs= 6 depth=4 metrics={'auc': 21.1855256796477, 'final': 22.45139032360352, 'steps_to_threshold': 10000.0, 'reached_threshold': 1.0}
03:32:35  DEBUG    id=319  fitness=   21.115 limbs= 7 depth=4 metrics={'auc': 21.11499145942044, 'final': 22.247144476049954, 'steps_to_threshold': 10000.0, 'reached_threshold': 1.0}
03:32:35  DEBUG    id=320  fitness=   18.441 limbs= 5 depth=4 metrics={'auc': 18.440904818390994, 'final': 19.47964361911691, 'steps_to_threshold': 13333.333333333334, 'reached_threshold': 1.0}
03:32:35  DEBUG    id=321  fitness=   17.605 limbs= 5 depth=4 metrics={'auc': 17.605443372322636, 'final': 18.445308460722796, 'steps_to_threshold': 10000.0, 'reached_threshold': 1.0}
03:32:35  DEBUG    id=322  fitness=   17.875 limbs= 7 depth=4 metrics={'auc': 17.874775806247836, 'final': 18.840398392990256, 'steps_to_threshold': 10000.0, 'reached_threshold': 1.0}
03:32:35  DEBUG    id=323  fitness=   21.163 limbs= 6 depth=4 metrics={'auc': 21.162871519540534, 'final': 22.211055872970075, 'steps_to_threshold': 10000.0, 'reached_threshold': 1.0}
03:32:35  DEBUG    id=324  fitness=   18.128 limbs= 5 depth=4 metrics={'auc': 18.127506588246447, 'final': 19.046158400634422, 'steps_to_threshold': 10000.0, 'reached_threshold': 1.0}
03:32:35  DEBUG    id=325  fitness=   22.167 limbs= 6 depth=4 metrics={'auc': 22.167236027211732, 'final': 23.50976619748984, 'steps_to_threshold': 11666.666666666666, 'reached_threshold': 1.0}
03:32:35  DEBUG    id=326  fitness=   -3.292 limbs= 2 depth=2 metrics={'auc': -3.2924932792734913, 'final': -3.2902888714472582, 'steps_to_threshold': 200000.0, 'reached_threshold': 0.0}
03:32:35  DEBUG    id=327  fitness=   25.827 limbs= 7 depth=4 metrics={'auc': 25.82697052136847, 'final': 27.205949472509854, 'steps_to_threshold': 13333.333333333334, 'reached_threshold': 1.0}
03:32:35  DEBUG    id=328  fitness=   22.390 limbs= 6 depth=4 metrics={'auc': 22.39005781068298, 'final': 23.56578812527327, 'steps_to_threshold': 10000.0, 'reached_threshold': 1.0}
03:32:35  DEBUG    id=329  fitness=   21.758 limbs= 6 depth=4 metrics={'auc': 21.758209324619187, 'final': 22.850846813558263, 'steps_to_threshold': 10000.0, 'reached_threshold': 1.0}
03:32:35  DEBUG    id=330  fitness=   16.622 limbs= 7 depth=4 metrics={'auc': 16.621603377518635, 'final': 17.571239543943594, 'steps_to_threshold': 10000.0, 'reached_threshold': 1.0}
03:32:35  DEBUG    id=331  fitness=   28.498 limbs= 7 depth=4 metrics={'auc': 28.497699516400644, 'final': 29.991621648340388, 'steps_to_threshold': 11666.666666666666, 'reached_threshold': 1.0}
03:32:35  INFO   gen 14 done | best 28.498 (id=331, 7 limbs) | mean 20.730 | worst -3.292 | invalid 0 | 464.9s
03:32:35  INFO     ~7.8 min/gen, est. 78.5 min remaining
03:32:35  INFO   gen 15: evaluating 22/24 individuals (8 workers)
03:40:16  DEBUG    id=332  fitness=     -inf limbs= 1 depth=1 metrics={'invalid': 'no_actuators'}
03:40:16  DEBUG    id=333  fitness=   22.232 limbs= 6 depth=4 metrics={'auc': 22.2320848293476, 'final': 23.5978132636528, 'steps_to_threshold': 10000.0, 'reached_threshold': 1.0}
03:40:16  DEBUG    id=334  fitness=   20.733 limbs= 6 depth=4 metrics={'auc': 20.733196014857597, 'final': 21.700110589960705, 'steps_to_threshold': 10000.0, 'reached_threshold': 1.0}
03:40:16  DEBUG    id=335  fitness=   21.206 limbs= 6 depth=4 metrics={'auc': 21.206164304656458, 'final': 22.43809783712005, 'steps_to_threshold': 15000.0, 'reached_threshold': 1.0}
03:40:16  DEBUG    id=336  fitness=   23.728 limbs= 6 depth=4 metrics={'auc': 23.727507013775632, 'final': 24.969680629417866, 'steps_to_threshold': 11666.666666666666, 'reached_threshold': 1.0}
03:40:16  DEBUG    id=337  fitness=   22.135 limbs= 6 depth=4 metrics={'auc': 22.135110281146723, 'final': 23.32542263007024, 'steps_to_threshold': 15000.0, 'reached_threshold': 1.0}
03:40:16  DEBUG    id=338  fitness=   14.798 limbs= 6 depth=4 metrics={'auc': 14.797859976444656, 'final': 15.79192628340833, 'steps_to_threshold': 10000.0, 'reached_threshold': 1.0}
03:40:16  DEBUG    id=339  fitness=   28.765 limbs= 7 depth=4 metrics={'auc': 28.76460457815972, 'final': 30.224512725895465, 'steps_to_threshold': 10000.0, 'reached_threshold': 1.0}
03:40:16  DEBUG    id=340  fitness=   21.954 limbs= 6 depth=4 metrics={'auc': 21.953512961476104, 'final': 23.28833299173716, 'steps_to_threshold': 11666.666666666666, 'reached_threshold': 1.0}
03:40:16  DEBUG    id=341  fitness=   25.063 limbs= 6 depth=4 metrics={'auc': 25.06312457640774, 'final': 26.40675458359443, 'steps_to_threshold': 13333.333333333334, 'reached_threshold': 1.0}
03:40:16  DEBUG    id=342  fitness=   25.037 limbs= 7 depth=4 metrics={'auc': 25.037408895973133, 'final': 26.406863016506147, 'steps_to_threshold': 13333.333333333334, 'reached_threshold': 1.0}
03:40:16  DEBUG    id=343  fitness=   27.142 limbs= 7 depth=4 metrics={'auc': 27.141992143623295, 'final': 28.488517788493883, 'steps_to_threshold': 11666.666666666666, 'reached_threshold': 1.0}
03:40:16  DEBUG    id=344  fitness=   20.109 limbs= 6 depth=4 metrics={'auc': 20.10862470866879, 'final': 21.122686108444032, 'steps_to_threshold': 10000.0, 'reached_threshold': 1.0}
03:40:16  DEBUG    id=345  fitness=   27.815 limbs= 7 depth=4 metrics={'auc': 27.814606071923638, 'final': 29.331526437828348, 'steps_to_threshold': 11666.666666666666, 'reached_threshold': 1.0}
03:40:16  DEBUG    id=346  fitness=   28.910 limbs= 7 depth=4 metrics={'auc': 28.909666901976653, 'final': 30.19752735113357, 'steps_to_threshold': 10000.0, 'reached_threshold': 1.0}
03:40:16  DEBUG    id=347  fitness=   15.389 limbs= 7 depth=4 metrics={'auc': 15.389379309762825, 'final': 16.270037557876094, 'steps_to_threshold': 10000.0, 'reached_threshold': 1.0}
03:40:16  DEBUG    id=348  fitness=   28.364 limbs= 7 depth=4 metrics={'auc': 28.364400625800457, 'final': 29.897472331090185, 'steps_to_threshold': 13333.333333333334, 'reached_threshold': 1.0}
03:40:16  DEBUG    id=349  fitness=   27.604 limbs= 7 depth=4 metrics={'auc': 27.603822538254548, 'final': 28.976076326322044, 'steps_to_threshold': 10000.0, 'reached_threshold': 1.0}
03:40:16  DEBUG    id=350  fitness=   28.630 limbs= 7 depth=4 metrics={'auc': 28.630337049936088, 'final': 29.985626826640047, 'steps_to_threshold': 10000.0, 'reached_threshold': 1.0}
03:40:16  DEBUG    id=351  fitness=   28.911 limbs= 7 depth=4 metrics={'auc': 28.91057059873936, 'final': 30.36479008769454, 'steps_to_threshold': 10000.0, 'reached_threshold': 1.0}
03:40:16  DEBUG    id=352  fitness=   24.863 limbs= 7 depth=4 metrics={'auc': 24.862602674508295, 'final': 26.376298408123375, 'steps_to_threshold': 10000.0, 'reached_threshold': 1.0}
03:40:16  DEBUG    id=353  fitness=   20.179 limbs= 7 depth=4 metrics={'auc': 20.179471597845986, 'final': 21.335024618803214, 'steps_to_threshold': 13333.333333333334, 'reached_threshold': 1.0}
03:40:16  INFO   gen 15 done | best 28.911 (id=351, 7 limbs) | mean 24.146 | worst 14.798 | invalid 1 | 461.5s
03:40:16  INFO     ~7.8 min/gen, est. 70.5 min remaining
03:40:16  INFO   gen 16: evaluating 22/24 individuals (8 workers)
03:47:23  DEBUG    id=354  fitness=   28.938 limbs= 7 depth=4 metrics={'auc': 28.93769921044583, 'final': 30.528534297028514, 'steps_to_threshold': 10000.0, 'reached_threshold': 1.0}
03:47:23  DEBUG    id=355  fitness=    5.066 limbs= 5 depth=4 metrics={'auc': 5.065723347802506, 'final': 5.2976356508645, 'steps_to_threshold': 10000.0, 'reached_threshold': 1.0}
03:47:23  DEBUG    id=356  fitness=   25.144 limbs= 6 depth=4 metrics={'auc': 25.144111191792074, 'final': 26.44021448296927, 'steps_to_threshold': 10000.0, 'reached_threshold': 1.0}
03:47:23  DEBUG    id=357  fitness=   28.827 limbs= 7 depth=4 metrics={'auc': 28.827438886892494, 'final': 30.313556353558763, 'steps_to_threshold': 10000.0, 'reached_threshold': 1.0}
03:47:23  DEBUG    id=358  fitness=    5.939 limbs= 3 depth=2 metrics={'auc': 5.938591816466012, 'final': 6.165924260823246, 'steps_to_threshold': 10000.0, 'reached_threshold': 1.0}
03:47:23  DEBUG    id=359  fitness=   22.031 limbs= 6 depth=4 metrics={'auc': 22.030953996233606, 'final': 23.184978863733964, 'steps_to_threshold': 11666.666666666666, 'reached_threshold': 1.0}
03:47:23  DEBUG    id=360  fitness=   24.892 limbs= 8 depth=4 metrics={'auc': 24.892144283590586, 'final': 26.263244482667314, 'steps_to_threshold': 13333.333333333334, 'reached_threshold': 1.0}
03:47:23  DEBUG    id=361  fitness=   19.631 limbs= 6 depth=4 metrics={'auc': 19.63098121183505, 'final': 21.036282184141086, 'steps_to_threshold': 10000.0, 'reached_threshold': 1.0}
03:47:23  DEBUG    id=362  fitness=   29.580 limbs= 8 depth=4 metrics={'auc': 29.579683131348485, 'final': 31.18980411073987, 'steps_to_threshold': 10000.0, 'reached_threshold': 1.0}
03:47:23  DEBUG    id=363  fitness=   23.040 limbs= 7 depth=4 metrics={'auc': 23.040312651972858, 'final': 24.30328266538723, 'steps_to_threshold': 10000.0, 'reached_threshold': 1.0}
03:47:23  DEBUG    id=364  fitness=   10.684 limbs= 4 depth=3 metrics={'auc': 10.684283396886237, 'final': 11.026793486361157, 'steps_to_threshold': 10000.0, 'reached_threshold': 1.0}
03:47:23  DEBUG    id=365  fitness=   25.619 limbs= 6 depth=4 metrics={'auc': 25.61903084991782, 'final': 26.994440436237785, 'steps_to_threshold': 11666.666666666666, 'reached_threshold': 1.0}
03:47:23  DEBUG    id=366  fitness=   27.155 limbs= 7 depth=4 metrics={'auc': 27.15483222582507, 'final': 28.68759519728712, 'steps_to_threshold': 13333.333333333334, 'reached_threshold': 1.0}
03:47:23  DEBUG    id=367  fitness=   24.618 limbs= 7 depth=4 metrics={'auc': 24.618259188415, 'final': 25.764636056290882, 'steps_to_threshold': 10000.0, 'reached_threshold': 1.0}
03:47:23  DEBUG    id=368  fitness=   23.516 limbs= 7 depth=4 metrics={'auc': 23.51633029840723, 'final': 24.623474660630524, 'steps_to_threshold': 13333.333333333334, 'reached_threshold': 1.0}
03:47:23  DEBUG    id=369  fitness=   28.253 limbs= 7 depth=4 metrics={'auc': 28.25345662077918, 'final': 29.68016511363899, 'steps_to_threshold': 10000.0, 'reached_threshold': 1.0}
03:47:23  DEBUG    id=370  fitness=   32.372 limbs= 7 depth=4 metrics={'auc': 32.372465283790945, 'final': 33.76923232931142, 'steps_to_threshold': 10000.0, 'reached_threshold': 1.0}
03:47:23  DEBUG    id=371  fitness=   21.804 limbs= 6 depth=4 metrics={'auc': 21.80392006033088, 'final': 22.869286318248072, 'steps_to_threshold': 10000.0, 'reached_threshold': 1.0}
03:47:23  DEBUG    id=372  fitness=   23.083 limbs= 7 depth=4 metrics={'auc': 23.083404441858047, 'final': 24.304948306558, 'steps_to_threshold': 10000.0, 'reached_threshold': 1.0}
03:47:23  DEBUG    id=373  fitness=   24.359 limbs= 7 depth=4 metrics={'auc': 24.35898518527661, 'final': 25.607178302536056, 'steps_to_threshold': 10000.0, 'reached_threshold': 1.0}
03:47:23  DEBUG    id=374  fitness=   30.636 limbs= 8 depth=4 metrics={'auc': 30.6355928525704, 'final': 32.1619157978817, 'steps_to_threshold': 10000.0, 'reached_threshold': 1.0}
03:47:23  DEBUG    id=375  fitness=   27.543 limbs= 8 depth=4 metrics={'auc': 27.543173084709448, 'final': 29.233046933850204, 'steps_to_threshold': 13333.333333333334, 'reached_threshold': 1.0}
03:47:23  INFO   gen 16 done | best 32.372 (id=370, 7 limbs) | mean 23.773 | worst 5.066 | invalid 0 | 426.8s
03:47:23  INFO     ~7.8 min/gen, est. 62.4 min remaining
03:47:23  INFO   gen 17: evaluating 22/24 individuals (8 workers)
03:54:49  DEBUG    id=376  fitness=   32.698 limbs= 9 depth=4 metrics={'auc': 32.69778370922339, 'final': 34.58394277178351, 'steps_to_threshold': 13333.333333333334, 'reached_threshold': 1.0}
03:54:49  DEBUG    id=377  fitness=   31.168 limbs= 8 depth=4 metrics={'auc': 31.168343627747266, 'final': 32.6236677374011, 'steps_to_threshold': 10000.0, 'reached_threshold': 1.0}
03:54:49  DEBUG    id=378  fitness=   30.837 limbs= 7 depth=4 metrics={'auc': 30.837168384288177, 'final': 32.47714506926281, 'steps_to_threshold': 10000.0, 'reached_threshold': 1.0}
03:54:49  DEBUG    id=379  fitness=   29.555 limbs= 7 depth=4 metrics={'auc': 29.554743777500885, 'final': 31.23594735962689, 'steps_to_threshold': 13333.333333333334, 'reached_threshold': 1.0}
03:54:49  DEBUG    id=380  fitness=   11.875 limbs= 4 depth=3 metrics={'auc': 11.87487821478579, 'final': 12.187369493051577, 'steps_to_threshold': 10000.0, 'reached_threshold': 1.0}
03:54:49  DEBUG    id=381  fitness=   35.286 limbs= 7 depth=4 metrics={'auc': 35.28634217547952, 'final': 36.958902100303185, 'steps_to_threshold': 10000.0, 'reached_threshold': 1.0}
03:54:49  DEBUG    id=382  fitness=   22.089 limbs= 6 depth=4 metrics={'auc': 22.08895583374182, 'final': 23.258624642118136, 'steps_to_threshold': 10000.0, 'reached_threshold': 1.0}
03:54:49  DEBUG    id=383  fitness=   28.020 limbs= 8 depth=4 metrics={'auc': 28.01973209600224, 'final': 29.596740019815588, 'steps_to_threshold': 10000.0, 'reached_threshold': 1.0}
03:54:49  DEBUG    id=384  fitness=   36.175 limbs= 9 depth=4 metrics={'auc': 36.17497009896949, 'final': 37.932600849221245, 'steps_to_threshold': 11666.666666666666, 'reached_threshold': 1.0}
03:54:49  DEBUG    id=385  fitness=   27.124 limbs= 8 depth=4 metrics={'auc': 27.123871758521798, 'final': 28.472565452378984, 'steps_to_threshold': 10000.0, 'reached_threshold': 1.0}
03:54:49  DEBUG    id=386  fitness=   27.409 limbs= 7 depth=4 metrics={'auc': 27.409432313721755, 'final': 28.951804907735347, 'steps_to_threshold': 10000.0, 'reached_threshold': 1.0}
03:54:49  DEBUG    id=387  fitness=   28.787 limbs= 7 depth=4 metrics={'auc': 28.78676838156264, 'final': 30.299856928260194, 'steps_to_threshold': 11666.666666666666, 'reached_threshold': 1.0}
03:54:49  DEBUG    id=388  fitness=   25.567 limbs= 6 depth=4 metrics={'auc': 25.567482053003374, 'final': 26.957236903132625, 'steps_to_threshold': 11666.666666666666, 'reached_threshold': 1.0}
03:54:49  DEBUG    id=389  fitness=   29.559 limbs= 8 depth=4 metrics={'auc': 29.55892019099645, 'final': 30.969871480021364, 'steps_to_threshold': 10000.0, 'reached_threshold': 1.0}
03:54:49  DEBUG    id=390  fitness=   31.391 limbs= 8 depth=4 metrics={'auc': 31.39103113516748, 'final': 33.05820142990723, 'steps_to_threshold': 10000.0, 'reached_threshold': 1.0}
03:54:49  DEBUG    id=391  fitness=   26.305 limbs= 7 depth=4 metrics={'auc': 26.305262420854238, 'final': 27.596365711721926, 'steps_to_threshold': 10000.0, 'reached_threshold': 1.0}
03:54:49  DEBUG    id=392  fitness=   21.403 limbs= 6 depth=4 metrics={'auc': 21.40316547721136, 'final': 22.34093629956352, 'steps_to_threshold': 10000.0, 'reached_threshold': 1.0}
03:54:49  DEBUG    id=393  fitness=   32.374 limbs= 7 depth=4 metrics={'auc': 32.37430096341098, 'final': 33.86691121074991, 'steps_to_threshold': 10000.0, 'reached_threshold': 1.0}
03:54:49  DEBUG    id=394  fitness=   28.008 limbs= 7 depth=4 metrics={'auc': 28.007626015392685, 'final': 29.35602513016293, 'steps_to_threshold': 10000.0, 'reached_threshold': 1.0}
03:54:49  DEBUG    id=395  fitness=   30.261 limbs= 9 depth=4 metrics={'auc': 30.260968630109534, 'final': 31.774099158408067, 'steps_to_threshold': 10000.0, 'reached_threshold': 1.0}
03:54:49  DEBUG    id=396  fitness=   28.748 limbs= 6 depth=4 metrics={'auc': 28.748017053182874, 'final': 30.226288888956407, 'steps_to_threshold': 10000.0, 'reached_threshold': 1.0}
03:54:49  DEBUG    id=397  fitness=   10.894 limbs= 4 depth=4 metrics={'auc': 10.893647930011904, 'final': 11.23143172204297, 'steps_to_threshold': 10000.0, 'reached_threshold': 1.0}
03:54:49  INFO   gen 17 done | best 36.175 (id=384, 9 limbs) | mean 27.740 | worst 10.894 | invalid 0 | 446.1s
03:54:49  INFO     ~7.8 min/gen, est. 54.4 min remaining
03:54:49  INFO   gen 18: evaluating 22/24 individuals (8 workers)
04:02:59  DEBUG    id=398  fitness=   28.063 limbs=10 depth=4 metrics={'auc': 28.063139396370875, 'final': 29.517083120194958, 'steps_to_threshold': 10000.0, 'reached_threshold': 1.0}
04:02:59  DEBUG    id=399  fitness=   29.721 limbs= 8 depth=4 metrics={'auc': 29.720853287450453, 'final': 31.198814597711905, 'steps_to_threshold': 10000.0, 'reached_threshold': 1.0}
04:02:59  DEBUG    id=400  fitness=   23.101 limbs=10 depth=4 metrics={'auc': 23.10134908208345, 'final': 24.47363790506167, 'steps_to_threshold': 11666.666666666666, 'reached_threshold': 1.0}
04:02:59  DEBUG    id=401  fitness=   34.793 limbs=10 depth=4 metrics={'auc': 34.79317785903212, 'final': 36.83852915025083, 'steps_to_threshold': 13333.333333333334, 'reached_threshold': 1.0}
04:02:59  DEBUG    id=402  fitness=   32.453 limbs= 7 depth=4 metrics={'auc': 32.4530682992438, 'final': 34.15282927490818, 'steps_to_threshold': 10000.0, 'reached_threshold': 1.0}
04:02:59  DEBUG    id=403  fitness=   27.083 limbs= 8 depth=4 metrics={'auc': 27.082897064679894, 'final': 28.374479425512764, 'steps_to_threshold': 10000.0, 'reached_threshold': 1.0}
04:02:59  DEBUG    id=404  fitness=   33.529 limbs=10 depth=4 metrics={'auc': 33.52855386901887, 'final': 36.222877463331294, 'steps_to_threshold': 13333.333333333334, 'reached_threshold': 1.0}
04:02:59  DEBUG    id=405  fitness=   27.604 limbs= 9 depth=4 metrics={'auc': 27.60415377272608, 'final': 28.95657949436669, 'steps_to_threshold': 10000.0, 'reached_threshold': 1.0}
04:02:59  DEBUG    id=406  fitness=     -inf limbs= 1 depth=1 metrics={'invalid': 'no_actuators'}
04:02:59  DEBUG    id=407  fitness=   31.583 limbs= 8 depth=4 metrics={'auc': 31.582874427191623, 'final': 33.19101054341481, 'steps_to_threshold': 10000.0, 'reached_threshold': 1.0}
04:02:59  DEBUG    id=408  fitness=   26.735 limbs= 7 depth=4 metrics={'auc': 26.73537027225399, 'final': 28.113968236328898, 'steps_to_threshold': 10000.0, 'reached_threshold': 1.0}
04:02:59  DEBUG    id=409  fitness=   29.412 limbs=10 depth=4 metrics={'auc': 29.411869988895962, 'final': 31.05141447210531, 'steps_to_threshold': 10000.0, 'reached_threshold': 1.0}
04:02:59  DEBUG    id=410  fitness=   35.686 limbs= 9 depth=4 metrics={'auc': 35.68567614718805, 'final': 37.53438360588331, 'steps_to_threshold': 10000.0, 'reached_threshold': 1.0}
04:02:59  DEBUG    id=411  fitness=   26.799 limbs= 6 depth=4 metrics={'auc': 26.798861770564276, 'final': 28.311904351965868, 'steps_to_threshold': 11666.666666666666, 'reached_threshold': 1.0}
04:02:59  DEBUG    id=412  fitness=   23.249 limbs= 8 depth=4 metrics={'auc': 23.249020037898248, 'final': 24.591851569724515, 'steps_to_threshold': 10000.0, 'reached_threshold': 1.0}
04:02:59  DEBUG    id=413  fitness=   34.858 limbs=10 depth=4 metrics={'auc': 34.8582479465997, 'final': 36.719916555430395, 'steps_to_threshold': 11666.666666666666, 'reached_threshold': 1.0}
04:02:59  DEBUG    id=414  fitness=   10.335 limbs= 4 depth=3 metrics={'auc': 10.33542513273287, 'final': 10.633357756092884, 'steps_to_threshold': 8333.333333333334, 'reached_threshold': 1.0}
04:02:59  DEBUG    id=415  fitness=   36.861 limbs= 7 depth=4 metrics={'auc': 36.861465463468996, 'final': 38.72736126063655, 'steps_to_threshold': 10000.0, 'reached_threshold': 1.0}
04:02:59  DEBUG    id=416  fitness=   29.352 limbs= 8 depth=4 metrics={'auc': 29.352376682585838, 'final': 30.891669075706858, 'steps_to_threshold': 11666.666666666666, 'reached_threshold': 1.0}
04:02:59  DEBUG    id=417  fitness=   35.708 limbs=10 depth=4 metrics={'auc': 35.70811932790527, 'final': 37.75070380195596, 'steps_to_threshold': 10000.0, 'reached_threshold': 1.0}
04:02:59  DEBUG    id=418  fitness=   28.976 limbs= 6 depth=4 metrics={'auc': 28.97594088263615, 'final': 30.32720769387991, 'steps_to_threshold': 10000.0, 'reached_threshold': 1.0}
04:02:59  DEBUG    id=419  fitness=   31.144 limbs= 8 depth=4 metrics={'auc': 31.144042544754925, 'final': 32.64023616460463, 'steps_to_threshold': 10000.0, 'reached_threshold': 1.0}
04:02:59  INFO   gen 18 done | best 36.861 (id=415, 7 limbs) | mean 29.935 | worst 10.335 | invalid 1 | 489.3s
04:02:59  INFO     ~7.8 min/gen, est. 46.8 min remaining
04:02:59  INFO   gen 19: evaluating 22/24 individuals (8 workers)
04:10:43  DEBUG    id=420  fitness=   26.742 limbs= 9 depth=4 metrics={'auc': 26.7423746762522, 'final': 27.831940247658395, 'steps_to_threshold': 10000.0, 'reached_threshold': 1.0}
04:10:43  DEBUG    id=421  fitness=   44.186 limbs= 9 depth=4 metrics={'auc': 44.18593886680793, 'final': 46.257214270473646, 'steps_to_threshold': 10000.0, 'reached_threshold': 1.0}
04:10:43  DEBUG    id=422  fitness=   35.079 limbs= 7 depth=4 metrics={'auc': 35.07898901045572, 'final': 36.940829105789, 'steps_to_threshold': 11666.666666666666, 'reached_threshold': 1.0}
04:10:43  DEBUG    id=423  fitness=   34.691 limbs=11 depth=4 metrics={'auc': 34.69067741747602, 'final': 36.697262481539134, 'steps_to_threshold': 10000.0, 'reached_threshold': 1.0}
04:10:43  DEBUG    id=424  fitness=   35.711 limbs= 9 depth=4 metrics={'auc': 35.710954854992444, 'final': 37.50783677908108, 'steps_to_threshold': 10000.0, 'reached_threshold': 1.0}
04:10:43  DEBUG    id=425  fitness=   28.738 limbs= 6 depth=4 metrics={'auc': 28.73839904385133, 'final': 30.285444209920527, 'steps_to_threshold': 13333.333333333334, 'reached_threshold': 1.0}
04:10:43  DEBUG    id=426  fitness=   29.163 limbs= 9 depth=4 metrics={'auc': 29.163012076659907, 'final': 30.937323921083195, 'steps_to_threshold': 15000.0, 'reached_threshold': 1.0}
04:10:43  DEBUG    id=427  fitness=   37.549 limbs= 7 depth=4 metrics={'auc': 37.54910699829815, 'final': 39.09006046067573, 'steps_to_threshold': 10000.0, 'reached_threshold': 1.0}
04:10:43  DEBUG    id=428  fitness=   34.935 limbs=10 depth=4 metrics={'auc': 34.93492915161653, 'final': 36.69173174891437, 'steps_to_threshold': 10000.0, 'reached_threshold': 1.0}
04:10:43  DEBUG    id=429  fitness=   34.485 limbs= 9 depth=4 metrics={'auc': 34.48459445176502, 'final': 36.1742137217338, 'steps_to_threshold': 10000.0, 'reached_threshold': 1.0}
04:10:43  DEBUG    id=430  fitness=   37.787 limbs=10 depth=4 metrics={'auc': 37.786766778235744, 'final': 40.03811038713284, 'steps_to_threshold': 10000.0, 'reached_threshold': 1.0}
04:10:43  DEBUG    id=431  fitness=   35.185 limbs= 9 depth=4 metrics={'auc': 35.18532041697791, 'final': 37.14864447071104, 'steps_to_threshold': 11666.666666666666, 'reached_threshold': 1.0}
04:10:43  DEBUG    id=432  fitness=   30.039 limbs= 8 depth=4 metrics={'auc': 30.038889073896183, 'final': 31.516748493797355, 'steps_to_threshold': 10000.0, 'reached_threshold': 1.0}
04:10:43  DEBUG    id=433  fitness=   35.991 limbs= 8 depth=4 metrics={'auc': 35.99125422729191, 'final': 38.12259207455942, 'steps_to_threshold': 10000.0, 'reached_threshold': 1.0}
04:10:43  DEBUG    id=434  fitness=   35.011 limbs=10 depth=4 metrics={'auc': 35.011198671845456, 'final': 36.72692031785478, 'steps_to_threshold': 10000.0, 'reached_threshold': 1.0}
04:10:43  DEBUG    id=435  fitness=    4.904 limbs= 8 depth=4 metrics={'auc': 4.903633786533352, 'final': 5.059793414820987, 'steps_to_threshold': 5000.0, 'reached_threshold': 1.0}
04:10:43  DEBUG    id=436  fitness=   39.801 limbs= 7 depth=4 metrics={'auc': 39.80119075178637, 'final': 41.53100652567759, 'steps_to_threshold': 10000.0, 'reached_threshold': 1.0}
04:10:43  DEBUG    id=437  fitness=   22.243 limbs=11 depth=4 metrics={'auc': 22.242981594023558, 'final': 23.663416139884344, 'steps_to_threshold': 11666.666666666666, 'reached_threshold': 1.0}
04:10:43  DEBUG    id=438  fitness=   36.560 limbs=10 depth=4 metrics={'auc': 36.560455336910366, 'final': 38.404816802580996, 'steps_to_threshold': 10000.0, 'reached_threshold': 1.0}
04:10:43  DEBUG    id=439  fitness=   -3.797 limbs= 2 depth=2 metrics={'auc': -3.796741784111815, 'final': -3.794125515386121, 'steps_to_threshold': 200000.0, 'reached_threshold': 0.0}
04:10:43  DEBUG    id=440  fitness=   27.039 limbs= 9 depth=4 metrics={'auc': 27.038621508035195, 'final': 28.430273489040555, 'steps_to_threshold': 11666.666666666666, 'reached_threshold': 1.0}
04:10:43  DEBUG    id=441  fitness=   35.118 limbs= 7 depth=4 metrics={'auc': 35.117989179625084, 'final': 36.68824288530195, 'steps_to_threshold': 10000.0, 'reached_threshold': 1.0}
04:10:43  INFO   gen 19 done | best 44.186 (id=421, 9 limbs) | mean 31.239 | worst -3.797 | invalid 0 | 464.7s
04:10:43  INFO     ~7.8 min/gen, est. 39.0 min remaining
04:10:43  INFO   gen 20: evaluating 22/24 individuals (8 workers)
04:20:03  DEBUG    id=442  fitness=   35.369 limbs= 8 depth=4 metrics={'auc': 35.369051288027265, 'final': 37.14076395116556, 'steps_to_threshold': 11666.666666666666, 'reached_threshold': 1.0}
04:20:03  DEBUG    id=443  fitness=   29.961 limbs= 9 depth=4 metrics={'auc': 29.960812063809453, 'final': 31.8011979984597, 'steps_to_threshold': 10000.0, 'reached_threshold': 1.0}
04:20:03  DEBUG    id=444  fitness=   35.701 limbs= 7 depth=4 metrics={'auc': 35.70065484189069, 'final': 37.49906205054336, 'steps_to_threshold': 10000.0, 'reached_threshold': 1.0}
04:20:03  DEBUG    id=445  fitness=   32.800 limbs= 8 depth=4 metrics={'auc': 32.8004355703188, 'final': 34.49091231312763, 'steps_to_threshold': 11666.666666666666, 'reached_threshold': 1.0}
04:20:03  DEBUG    id=446  fitness=   34.671 limbs= 9 depth=4 metrics={'auc': 34.670733598673685, 'final': 36.86047346548321, 'steps_to_threshold': 15000.0, 'reached_threshold': 1.0}
04:20:03  DEBUG    id=447  fitness=   36.321 limbs= 7 depth=4 metrics={'auc': 36.32074724838285, 'final': 38.22464783856254, 'steps_to_threshold': 10000.0, 'reached_threshold': 1.0}
04:20:03  DEBUG    id=448  fitness=   39.357 limbs= 8 depth=4 metrics={'auc': 39.35709618881503, 'final': 41.17991884650106, 'steps_to_threshold': 10000.0, 'reached_threshold': 1.0}
04:20:03  DEBUG    id=449  fitness=   38.507 limbs=10 depth=4 metrics={'auc': 38.50707113723882, 'final': 40.10641316330418, 'steps_to_threshold': 10000.0, 'reached_threshold': 1.0}
04:20:03  DEBUG    id=450  fitness=   44.005 limbs= 9 depth=4 metrics={'auc': 44.0052385158923, 'final': 46.151809429680206, 'steps_to_threshold': 10000.0, 'reached_threshold': 1.0}
04:20:03  DEBUG    id=451  fitness=   39.973 limbs= 7 depth=4 metrics={'auc': 39.97273609407691, 'final': 41.82081947115257, 'steps_to_threshold': 10000.0, 'reached_threshold': 1.0}
04:20:03  DEBUG    id=452  fitness=   27.023 limbs= 9 depth=4 metrics={'auc': 27.02285014879446, 'final': 28.524554981156953, 'steps_to_threshold': 10000.0, 'reached_threshold': 1.0}
04:20:03  DEBUG    id=453  fitness=   44.068 limbs= 9 depth=4 metrics={'auc': 44.06770930372938, 'final': 46.16259280239018, 'steps_to_threshold': 10000.0, 'reached_threshold': 1.0}
04:20:03  DEBUG    id=454  fitness=   35.955 limbs= 8 depth=4 metrics={'auc': 35.955409279799376, 'final': 38.084692642023604, 'steps_to_threshold': 11666.666666666666, 'reached_threshold': 1.0}
04:20:03  DEBUG    id=455  fitness=   36.355 limbs=10 depth=4 metrics={'auc': 36.35547390474286, 'final': 38.24908293240785, 'steps_to_threshold': 11666.666666666666, 'reached_threshold': 1.0}
04:20:03  DEBUG    id=456  fitness=   43.734 limbs= 9 depth=4 metrics={'auc': 43.73381890774729, 'final': 45.52482311443387, 'steps_to_threshold': 10000.0, 'reached_threshold': 1.0}
04:20:03  DEBUG    id=457  fitness=   36.345 limbs= 8 depth=4 metrics={'auc': 36.34520227964307, 'final': 38.354132806399754, 'steps_to_threshold': 10000.0, 'reached_threshold': 1.0}
04:20:03  DEBUG    id=458  fitness=   34.191 limbs=10 depth=4 metrics={'auc': 34.19120929263941, 'final': 36.0138313270899, 'steps_to_threshold': 10000.0, 'reached_threshold': 1.0}
04:20:03  DEBUG    id=459  fitness=   34.372 limbs= 6 depth=4 metrics={'auc': 34.37233086228604, 'final': 35.899792996303376, 'steps_to_threshold': 10000.0, 'reached_threshold': 1.0}
04:20:03  DEBUG    id=460  fitness=   37.985 limbs=10 depth=4 metrics={'auc': 37.985318826731266, 'final': 40.040529019955336, 'steps_to_threshold': 11666.666666666666, 'reached_threshold': 1.0}
04:20:03  DEBUG    id=461  fitness=   37.720 limbs= 6 depth=4 metrics={'auc': 37.72043009289296, 'final': 39.27735906257476, 'steps_to_threshold': 10000.0, 'reached_threshold': 1.0}
04:20:03  DEBUG    id=462  fitness=   36.919 limbs= 8 depth=4 metrics={'auc': 36.91919485543552, 'final': 38.639537842524874, 'steps_to_threshold': 11666.666666666666, 'reached_threshold': 1.0}
04:20:03  DEBUG    id=463  fitness=   37.921 limbs=11 depth=4 metrics={'auc': 37.92119356186122, 'final': 40.012188356021696, 'steps_to_threshold': 10000.0, 'reached_threshold': 1.0}
04:20:03  INFO   gen 20 done | best 44.186 (id=421, 9 limbs) | mean 37.134 | worst 27.023 | invalid 0 | 559.4s
04:20:03  INFO     ~7.9 min/gen, est. 31.5 min remaining
04:20:03  INFO   gen 21: evaluating 22/24 individuals (8 workers)
04:28:15  DEBUG    id=464  fitness=     -inf limbs= 1 depth=1 metrics={'invalid': 'no_actuators'}
04:28:15  DEBUG    id=465  fitness=   37.669 limbs= 6 depth=4 metrics={'auc': 37.669130231444484, 'final': 39.33025544502387, 'steps_to_threshold': 10000.0, 'reached_threshold': 1.0}
04:28:15  DEBUG    id=466  fitness=   18.708 limbs= 7 depth=4 metrics={'auc': 18.70839363165794, 'final': 19.253539246415063, 'steps_to_threshold': 8333.333333333334, 'reached_threshold': 1.0}
04:28:15  DEBUG    id=467  fitness=   37.825 limbs= 8 depth=4 metrics={'auc': 37.82463561516848, 'final': 39.705131293685334, 'steps_to_threshold': 10000.0, 'reached_threshold': 1.0}
04:28:15  DEBUG    id=468  fitness=   34.813 limbs= 8 depth=4 metrics={'auc': 34.81273212591545, 'final': 36.561262638484656, 'steps_to_threshold': 10000.0, 'reached_threshold': 1.0}
04:28:15  DEBUG    id=469  fitness=   32.702 limbs= 8 depth=4 metrics={'auc': 32.701501227153265, 'final': 34.58025819485945, 'steps_to_threshold': 11666.666666666666, 'reached_threshold': 1.0}
04:28:15  DEBUG    id=470  fitness=   43.652 limbs= 9 depth=4 metrics={'auc': 43.65169925955846, 'final': 45.58306628872174, 'steps_to_threshold': 10000.0, 'reached_threshold': 1.0}
04:28:15  DEBUG    id=471  fitness=   44.561 limbs= 9 depth=4 metrics={'auc': 44.5610031607099, 'final': 46.66039927728747, 'steps_to_threshold': 10000.0, 'reached_threshold': 1.0}
04:28:15  DEBUG    id=472  fitness=   39.876 limbs= 7 depth=4 metrics={'auc': 39.87596308217139, 'final': 41.60632519254019, 'steps_to_threshold': 10000.0, 'reached_threshold': 1.0}
04:28:15  DEBUG    id=473  fitness=   30.564 limbs= 6 depth=4 metrics={'auc': 30.563648434857566, 'final': 32.082679932352335, 'steps_to_threshold': 10000.0, 'reached_threshold': 1.0}
04:28:15  DEBUG    id=474  fitness=   -3.403 limbs= 2 depth=2 metrics={'auc': -3.4025708081410357, 'final': -3.397245816559492, 'steps_to_threshold': 200000.0, 'reached_threshold': 0.0}
04:28:15  DEBUG    id=475  fitness=   23.270 limbs= 8 depth=4 metrics={'auc': 23.270272117020863, 'final': 26.88496436382967, 'steps_to_threshold': 33333.333333333336, 'reached_threshold': 1.0}
04:28:15  DEBUG    id=476  fitness=   38.143 limbs=12 depth=4 metrics={'auc': 38.143214860630344, 'final': 40.29906201689496, 'steps_to_threshold': 10000.0, 'reached_threshold': 1.0}
04:28:15  DEBUG    id=477  fitness=   36.865 limbs= 8 depth=4 metrics={'auc': 36.86486615540781, 'final': 38.68298341648666, 'steps_to_threshold': 10000.0, 'reached_threshold': 1.0}
04:28:15  DEBUG    id=478  fitness=   35.339 limbs= 6 depth=4 metrics={'auc': 35.33912979329293, 'final': 36.88197296649923, 'steps_to_threshold': 10000.0, 'reached_threshold': 1.0}
04:28:15  DEBUG    id=479  fitness=   39.623 limbs=10 depth=4 metrics={'auc': 39.623117651640946, 'final': 41.14721660203381, 'steps_to_threshold': 10000.0, 'reached_threshold': 1.0}
04:28:15  DEBUG    id=480  fitness=   40.455 limbs= 8 depth=4 metrics={'auc': 40.45549408871101, 'final': 42.36992238892867, 'steps_to_threshold': 10000.0, 'reached_threshold': 1.0}
04:28:15  DEBUG    id=481  fitness=   44.633 limbs=10 depth=4 metrics={'auc': 44.63312203123436, 'final': 46.865226090831555, 'steps_to_threshold': 10000.0, 'reached_threshold': 1.0}
04:28:15  DEBUG    id=482  fitness=   31.463 limbs=11 depth=4 metrics={'auc': 31.463429016546126, 'final': 33.45640775415868, 'steps_to_threshold': 10000.0, 'reached_threshold': 1.0}
04:28:15  DEBUG    id=483  fitness=   32.318 limbs= 6 depth=4 metrics={'auc': 32.31804550513282, 'final': 33.74275436873803, 'steps_to_threshold': 10000.0, 'reached_threshold': 1.0}
04:28:15  DEBUG    id=484  fitness=   34.808 limbs= 9 depth=4 metrics={'auc': 34.80837968030144, 'final': 36.95073208309518, 'steps_to_threshold': 15000.0, 'reached_threshold': 1.0}
04:28:15  DEBUG    id=485  fitness=   39.404 limbs= 8 depth=4 metrics={'auc': 39.40382359911215, 'final': 41.21748187727866, 'steps_to_threshold': 10000.0, 'reached_threshold': 1.0}
04:28:15  INFO   gen 21 done | best 44.633 (id=481, 10 limbs) | mean 34.645 | worst -3.403 | invalid 1 | 492.1s
04:28:15  INFO     ~7.9 min/gen, est. 23.6 min remaining
04:28:15  INFO   gen 22: evaluating 22/24 individuals (8 workers)
04:37:26  DEBUG    id=486  fitness=   44.715 limbs= 9 depth=4 metrics={'auc': 44.7148146527565, 'final': 46.63216658006298, 'steps_to_threshold': 10000.0, 'reached_threshold': 1.0}
04:37:26  DEBUG    id=487  fitness=   43.824 limbs= 9 depth=4 metrics={'auc': 43.8237148953995, 'final': 46.05611196757792, 'steps_to_threshold': 10000.0, 'reached_threshold': 1.0}
04:37:26  DEBUG    id=488  fitness=   37.787 limbs= 8 depth=4 metrics={'auc': 37.78652915252567, 'final': 39.679888277940286, 'steps_to_threshold': 10000.0, 'reached_threshold': 1.0}
04:37:26  DEBUG    id=489  fitness=   42.989 limbs= 9 depth=4 metrics={'auc': 42.989344295834464, 'final': 44.99203060385852, 'steps_to_threshold': 10000.0, 'reached_threshold': 1.0}
04:37:26  DEBUG    id=490  fitness=   34.481 limbs= 9 depth=4 metrics={'auc': 34.48059241174107, 'final': 36.31678827962577, 'steps_to_threshold': 13333.333333333334, 'reached_threshold': 1.0}
04:37:26  DEBUG    id=491  fitness=   43.379 limbs= 9 depth=4 metrics={'auc': 43.3794183924553, 'final': 45.3489036848215, 'steps_to_threshold': 10000.0, 'reached_threshold': 1.0}
04:37:26  DEBUG    id=492  fitness=   31.836 limbs= 8 depth=4 metrics={'auc': 31.835569476146418, 'final': 33.5554546715183, 'steps_to_threshold': 10000.0, 'reached_threshold': 1.0}
04:37:26  DEBUG    id=493  fitness=   35.943 limbs=11 depth=4 metrics={'auc': 35.94292737783962, 'final': 37.653638889148006, 'steps_to_threshold': 10000.0, 'reached_threshold': 1.0}
04:37:26  DEBUG    id=494  fitness=   44.558 limbs= 9 depth=4 metrics={'auc': 44.55760730494302, 'final': 46.71290561097302, 'steps_to_threshold': 10000.0, 'reached_threshold': 1.0}
04:37:26  DEBUG    id=495  fitness=   48.332 limbs= 9 depth=4 metrics={'auc': 48.33204052028582, 'final': 50.90595351968179, 'steps_to_threshold': 10000.0, 'reached_threshold': 1.0}
04:37:26  DEBUG    id=496  fitness=   42.930 limbs= 9 depth=4 metrics={'auc': 42.929512758211295, 'final': 45.11184581231672, 'steps_to_threshold': 10000.0, 'reached_threshold': 1.0}
04:37:26  DEBUG    id=497  fitness=   38.296 limbs= 7 depth=4 metrics={'auc': 38.296123595688265, 'final': 40.3535618534383, 'steps_to_threshold': 10000.0, 'reached_threshold': 1.0}
04:37:26  DEBUG    id=498  fitness=   38.198 limbs= 8 depth=4 metrics={'auc': 38.197764370357696, 'final': 39.66797602321533, 'steps_to_threshold': 10000.0, 'reached_threshold': 1.0}
04:37:26  DEBUG    id=499  fitness=   40.954 limbs= 9 depth=4 metrics={'auc': 40.953574912149485, 'final': 43.32580434901892, 'steps_to_threshold': 11666.666666666666, 'reached_threshold': 1.0}
04:37:26  DEBUG    id=500  fitness=   37.729 limbs= 6 depth=4 metrics={'auc': 37.729466476511675, 'final': 39.39202322291366, 'steps_to_threshold': 10000.0, 'reached_threshold': 1.0}
04:37:26  DEBUG    id=501  fitness=   37.581 limbs= 8 depth=4 metrics={'auc': 37.58079946436444, 'final': 39.701666990630336, 'steps_to_threshold': 11666.666666666666, 'reached_threshold': 1.0}
04:37:26  DEBUG    id=502  fitness=   43.967 limbs= 9 depth=4 metrics={'auc': 43.96695000632409, 'final': 46.18908207248996, 'steps_to_threshold': 10000.0, 'reached_threshold': 1.0}
04:37:26  DEBUG    id=503  fitness=   37.518 limbs= 6 depth=4 metrics={'auc': 37.51770643008347, 'final': 39.21603080884959, 'steps_to_threshold': 10000.0, 'reached_threshold': 1.0}
04:37:26  DEBUG    id=504  fitness=   44.785 limbs=10 depth=4 metrics={'auc': 44.7845515809135, 'final': 46.855019579712454, 'steps_to_threshold': 10000.0, 'reached_threshold': 1.0}
04:37:26  DEBUG    id=505  fitness=   39.228 limbs= 8 depth=4 metrics={'auc': 39.228471762719586, 'final': 41.19931757132817, 'steps_to_threshold': 11666.666666666666, 'reached_threshold': 1.0}
04:37:26  DEBUG    id=506  fitness=   39.599 limbs=10 depth=4 metrics={'auc': 39.59893212784325, 'final': 41.22642361663828, 'steps_to_threshold': 10000.0, 'reached_threshold': 1.0}
04:37:26  DEBUG    id=507  fitness=   34.537 limbs= 8 depth=4 metrics={'auc': 34.53722871549374, 'final': 36.33494121648453, 'steps_to_threshold': 10000.0, 'reached_threshold': 1.0}
04:37:26  INFO   gen 22 done | best 48.332 (id=495, 9 limbs) | mean 40.320 | worst 31.836 | invalid 0 | 551.7s
04:37:26  INFO     ~7.9 min/gen, est. 15.9 min remaining
04:37:26  INFO   gen 23: evaluating 22/24 individuals (8 workers)
04:46:28  DEBUG    id=508  fitness=   39.827 limbs= 7 depth=4 metrics={'auc': 39.826774092080065, 'final': 41.62404574682912, 'steps_to_threshold': 10000.0, 'reached_threshold': 1.0}
04:46:28  DEBUG    id=509  fitness=   44.331 limbs= 9 depth=4 metrics={'auc': 44.331027462230956, 'final': 46.675709664228556, 'steps_to_threshold': 11666.666666666666, 'reached_threshold': 1.0}
04:46:28  DEBUG    id=510  fitness=   41.588 limbs= 9 depth=4 metrics={'auc': 41.588313042940136, 'final': 43.9281634958943, 'steps_to_threshold': 10000.0, 'reached_threshold': 1.0}
04:46:28  DEBUG    id=511  fitness=   49.719 limbs=10 depth=4 metrics={'auc': 49.718806850292545, 'final': 52.40425268779725, 'steps_to_threshold': 11666.666666666666, 'reached_threshold': 1.0}
04:46:28  DEBUG    id=512  fitness=   48.218 limbs= 9 depth=4 metrics={'auc': 48.218151846204336, 'final': 50.83597210948176, 'steps_to_threshold': 11666.666666666666, 'reached_threshold': 1.0}
04:46:28  DEBUG    id=513  fitness=   40.786 limbs= 9 depth=4 metrics={'auc': 40.785795331228066, 'final': 42.71747292751301, 'steps_to_threshold': 10000.0, 'reached_threshold': 1.0}
04:46:28  DEBUG    id=514  fitness=   44.969 limbs=10 depth=4 metrics={'auc': 44.96904270484438, 'final': 47.137266932659664, 'steps_to_threshold': 10000.0, 'reached_threshold': 1.0}
04:46:28  DEBUG    id=515  fitness=   34.485 limbs= 8 depth=4 metrics={'auc': 34.48498731645386, 'final': 35.97837620241547, 'steps_to_threshold': 11666.666666666666, 'reached_threshold': 1.0}
04:46:28  DEBUG    id=516  fitness=   44.693 limbs=10 depth=4 metrics={'auc': 44.69250978864409, 'final': 46.89031873945938, 'steps_to_threshold': 11666.666666666666, 'reached_threshold': 1.0}
04:46:28  DEBUG    id=517  fitness=   48.201 limbs= 8 depth=4 metrics={'auc': 48.20105293145181, 'final': 51.0712901380985, 'steps_to_threshold': 10000.0, 'reached_threshold': 1.0}
04:46:28  DEBUG    id=518  fitness=   48.523 limbs= 9 depth=4 metrics={'auc': 48.52302146010771, 'final': 51.048866761675036, 'steps_to_threshold': 10000.0, 'reached_threshold': 1.0}
04:46:28  DEBUG    id=519  fitness=   26.047 limbs= 7 depth=4 metrics={'auc': 26.046539470152922, 'final': 27.500159211793157, 'steps_to_threshold': 10000.0, 'reached_threshold': 1.0}
04:46:28  DEBUG    id=520  fitness=   49.106 limbs= 9 depth=4 metrics={'auc': 49.106118386066065, 'final': 51.459507917872024, 'steps_to_threshold': 10000.0, 'reached_threshold': 1.0}
04:46:28  DEBUG    id=521  fitness=   44.984 limbs= 8 depth=4 metrics={'auc': 44.98414287488322, 'final': 46.955997247148055, 'steps_to_threshold': 10000.0, 'reached_threshold': 1.0}
04:46:28  DEBUG    id=522  fitness=   31.856 limbs=10 depth=4 metrics={'auc': 31.8559736604364, 'final': 33.90436004288846, 'steps_to_threshold': 10000.0, 'reached_threshold': 1.0}
04:46:28  DEBUG    id=523  fitness=   41.883 limbs= 9 depth=4 metrics={'auc': 41.88314864262899, 'final': 43.86796732546245, 'steps_to_threshold': 10000.0, 'reached_threshold': 1.0}
04:46:28  DEBUG    id=524  fitness=   48.413 limbs= 9 depth=4 metrics={'auc': 48.41282846713985, 'final': 50.899631282393045, 'steps_to_threshold': 11666.666666666666, 'reached_threshold': 1.0}
04:46:28  DEBUG    id=525  fitness=   44.780 limbs=10 depth=4 metrics={'auc': 44.780324982547484, 'final': 46.90943305401075, 'steps_to_threshold': 11666.666666666666, 'reached_threshold': 1.0}
04:46:28  DEBUG    id=526  fitness=   42.352 limbs= 9 depth=4 metrics={'auc': 42.35226554353699, 'final': 44.52030696539405, 'steps_to_threshold': 10000.0, 'reached_threshold': 1.0}
04:46:28  DEBUG    id=527  fitness=   38.424 limbs= 8 depth=4 metrics={'auc': 38.42442382857693, 'final': 40.253259848227124, 'steps_to_threshold': 10000.0, 'reached_threshold': 1.0}
04:46:28  DEBUG    id=528  fitness=   35.676 limbs=10 depth=4 metrics={'auc': 35.675666998486456, 'final': 37.37805723428227, 'steps_to_threshold': 10000.0, 'reached_threshold': 1.0}
04:46:28  DEBUG    id=529  fitness=   48.486 limbs= 9 depth=4 metrics={'auc': 48.48634723051524, 'final': 50.83761432641006, 'steps_to_threshold': 10000.0, 'reached_threshold': 1.0}
04:46:28  INFO   gen 23 done | best 49.719 (id=511, 10 limbs) | mean 42.936 | worst 26.047 | invalid 0 | 541.4s
04:46:28  INFO     ~8.0 min/gen, est. 8.0 min remaining
04:46:28  INFO   gen 24: evaluating 22/24 individuals (8 workers)
04:54:15  DEBUG    id=530  fitness=   45.169 limbs= 8 depth=4 metrics={'auc': 45.16859647563081, 'final': 47.502378203329805, 'steps_to_threshold': 10000.0, 'reached_threshold': 1.0}
04:54:15  DEBUG    id=531  fitness=   47.119 limbs= 9 depth=4 metrics={'auc': 47.11904513469909, 'final': 49.470786744042016, 'steps_to_threshold': 10000.0, 'reached_threshold': 1.0}
04:54:15  DEBUG    id=532  fitness=   44.760 limbs= 8 depth=4 metrics={'auc': 44.760357976621584, 'final': 47.22190792853305, 'steps_to_threshold': 10000.0, 'reached_threshold': 1.0}
04:54:15  DEBUG    id=533  fitness=   48.837 limbs=10 depth=4 metrics={'auc': 48.83672362900531, 'final': 51.2323395714885, 'steps_to_threshold': 10000.0, 'reached_threshold': 1.0}
04:54:15  DEBUG    id=534  fitness=   39.683 limbs=10 depth=4 metrics={'auc': 39.68346276111752, 'final': 42.043223791540434, 'steps_to_threshold': 10000.0, 'reached_threshold': 1.0}
04:54:15  DEBUG    id=535  fitness=   45.021 limbs=10 depth=4 metrics={'auc': 45.02059978388402, 'final': 47.257292100345204, 'steps_to_threshold': 10000.0, 'reached_threshold': 1.0}
04:54:15  DEBUG    id=536  fitness=   48.442 limbs= 8 depth=4 metrics={'auc': 48.44163537503897, 'final': 51.02772665604058, 'steps_to_threshold': 11666.666666666666, 'reached_threshold': 1.0}
04:54:15  DEBUG    id=537  fitness=   44.776 limbs= 8 depth=4 metrics={'auc': 44.77649984537266, 'final': 47.014317958983476, 'steps_to_threshold': 10000.0, 'reached_threshold': 1.0}
04:54:15  DEBUG    id=538  fitness=   44.912 limbs= 9 depth=4 metrics={'auc': 44.91210594759561, 'final': 47.06462807646372, 'steps_to_threshold': 10000.0, 'reached_threshold': 1.0}
04:54:15  DEBUG    id=539  fitness=   39.912 limbs= 9 depth=4 metrics={'auc': 39.911539033084956, 'final': 41.67084726256737, 'steps_to_threshold': 10000.0, 'reached_threshold': 1.0}
04:54:15  DEBUG    id=540  fitness=   36.543 limbs= 8 depth=4 metrics={'auc': 36.542580875371236, 'final': 38.70420843108308, 'steps_to_threshold': 13333.333333333334, 'reached_threshold': 1.0}
04:54:15  DEBUG    id=541  fitness=   41.298 limbs= 9 depth=4 metrics={'auc': 41.297791822811355, 'final': 43.87742581835237, 'steps_to_threshold': 13333.333333333334, 'reached_threshold': 1.0}
04:54:15  DEBUG    id=542  fitness=   48.596 limbs= 9 depth=4 metrics={'auc': 48.595602067675735, 'final': 51.05610486322363, 'steps_to_threshold': 10000.0, 'reached_threshold': 1.0}
04:54:15  DEBUG    id=543  fitness=   48.368 limbs= 9 depth=4 metrics={'auc': 48.36800783313165, 'final': 50.91374899805675, 'steps_to_threshold': 10000.0, 'reached_threshold': 1.0}
04:54:15  DEBUG    id=544  fitness=   48.333 limbs= 9 depth=4 metrics={'auc': 48.33301653728512, 'final': 50.900851671449544, 'steps_to_threshold': 10000.0, 'reached_threshold': 1.0}
04:54:15  DEBUG    id=545  fitness=   49.684 limbs= 9 depth=4 metrics={'auc': 49.684024295968754, 'final': 51.82912836374638, 'steps_to_threshold': 10000.0, 'reached_threshold': 1.0}
04:54:15  DEBUG    id=546  fitness=   38.556 limbs= 9 depth=4 metrics={'auc': 38.555909313553876, 'final': 40.46121535927556, 'steps_to_threshold': 10000.0, 'reached_threshold': 1.0}
04:54:15  DEBUG    id=547  fitness=   46.818 limbs=10 depth=4 metrics={'auc': 46.818112434153015, 'final': 49.45000262975435, 'steps_to_threshold': 11666.666666666666, 'reached_threshold': 1.0}
04:54:15  DEBUG    id=548  fitness=   49.054 limbs= 9 depth=4 metrics={'auc': 49.05382205658185, 'final': 51.621825801440366, 'steps_to_threshold': 11666.666666666666, 'reached_threshold': 1.0}
04:54:15  DEBUG    id=549  fitness=   44.751 limbs= 7 depth=4 metrics={'auc': 44.75057759554225, 'final': 47.11582659098392, 'steps_to_threshold': 10000.0, 'reached_threshold': 1.0}
04:54:15  DEBUG    id=550  fitness=   44.301 limbs= 9 depth=4 metrics={'auc': 44.30090342055743, 'final': 46.3408922038662, 'steps_to_threshold': 10000.0, 'reached_threshold': 1.0}
04:54:15  DEBUG    id=551  fitness=   50.688 limbs= 9 depth=4 metrics={'auc': 50.68798949084029, 'final': 53.96332009308163, 'steps_to_threshold': 11666.666666666666, 'reached_threshold': 1.0}
04:54:15  INFO   gen 24 done | best 50.688 (id=551, 9 limbs) | mean 45.602 | worst 36.543 | invalid 0 | 467.1s
04:54:16  INFO   ================================================================
04:54:16  INFO   Finished 25 generations in 199.4 min. Best fitness 50.688 (9 limbs).
04:54:16  INFO   Artifacts: run.log, generation_stats.csv, history.json, and per generation gen*_best.xml + gen*_best_genome.pkl + gen*_best_policy.zip in experiments/run9
